transaction_id,project_id,transaction_date,posting_date,transaction_type,hours,wip_amount,wip_status,write_up_down,billed_amount,invoice_id,created_at_utc
TXN-50777,PRJ-1018,2026-03-21,2026-03-23,LABOR,12.0,3000.0,0,0.0,0.0,,2026-03-23T22:24:00Z
TXN-51284,PRJ-1029,2026-03-19,2026-03-21,LABOR,10.0,2100.0,0,0.0,0.0,,2026-03-21T21:05:00Z
TXN-50958,PRJ-1022,2026-03-23,2026-03-23,LABOR,4.0,600.0,0,0.0,0.0,,2026-03-23T22:48:00Z
TXN-51341,PRJ-1031,2026-01-27,2026-01-28,EXPENSE,0.0,2201.0,2,-265.0,1936.0,INV-9086,2026-01-28T20:13:00Z
TXN-50168,PRJ-1005,2026-01-14,2026-01-14,LABOR,10.0,1750.0,2,62.0,1812.0,INV-9012,2026-01-14T20:31:00Z
TXN-51544,PRJ-1035,2026-03-22,2026-03-24,LABOR,22.0,4620.0,0,0.0,0.0,,2026-03-24T22:42:00Z
TXN-51334,PRJ-1030,2026-03-05,2026-03-06,LABOR,14.0,2450.0,0,0.0,0.0,,2026-03-06T13:08:00Z
TXN-50819,PRJ-1019,2026-02-03,2026-02-03,LABOR,16.0,3360.0,0,0.0,0.0,,2026-02-03T18:14:00Z
TXN-51130,PRJ-1026,2026-02-05,2026-02-07,LABOR,4.0,840.0,2,-17.0,823.0,INV-9074,2026-02-07T19:49:00Z
TXN-51142,PRJ-1026,2026-03-10,2026-03-12,EXPENSE,0.0,1955.0,0,0.0,0.0,,2026-03-12T17:35:00Z
TXN-50434,PRJ-1010,2026-03-17,2026-03-19,LABOR,10.0,2500.0,0,0.0,0.0,,2026-03-19T18:57:00Z
TXN-51717,PRJ-1040,2026-02-22,2026-02-24,LABOR,22.0,2090.0,2,-262.0,1828.0,INV-9110,2026-02-24T22:36:00Z
TXN-50768,PRJ-1018,2026-02-14,2026-02-16,LABOR,10.0,1200.0,0,0.0,0.0,,2026-02-16T20:45:00Z
TXN-51649,PRJ-1038,2026-02-15,2026-02-15,LABOR,16.0,2400.0,0,0.0,0.0,,2026-02-15T14:44:00Z
TXN-50873,PRJ-1020,2026-03-15,2026-03-17,LABOR,14.0,2940.0,0,0.0,0.0,,2026-03-17T13:36:00Z
TXN-50462,PRJ-1011,2026-02-14,2026-02-14,LABOR,10.0,1200.0,2,-121.0,1079.0,INV-9031,2026-02-14T17:20:00Z
TXN-51011,PRJ-1023,2026-03-08,2026-03-08,LABOR,18.0,2160.0,0,0.0,0.0,,2026-03-08T13:28:00Z
TXN-51535,PRJ-1035,2026-03-11,2026-03-12,LABOR,18.0,3150.0,0,0.0,0.0,,2026-03-12T19:25:00Z
TXN-51384,PRJ-1032,2026-01-13,2026-01-15,LABOR,22.0,4620.0,2,-632.0,3988.0,INV-9089,2026-01-15T17:21:00Z
TXN-50521,PRJ-1012,2026-03-09,2026-03-09,LABOR,14.0,3500.0,2,-470.0,3030.0,INV-9035,2026-03-09T17:32:00Z
TXN-51598,PRJ-1037,2026-01-16,2026-01-17,LABOR,12.0,1440.0,0,0.0,0.0,,2026-01-17T19:33:00Z
TXN-50525,PRJ-1013,2026-01-15,2026-01-15,LABOR,12.0,2520.0,2,-327.0,2193.0,INV-9036,2026-01-15T16:51:00Z
TXN-50402,PRJ-1010,2026-01-17,2026-01-17,LABOR,4.0,600.0,2,-105.0,495.0,INV-9027,2026-01-17T22:13:00Z
TXN-50192,PRJ-1005,2026-02-18,2026-02-19,LABOR,4.0,840.0,0,0.0,0.0,,2026-02-19T19:43:00Z
TXN-50033,PRJ-1001,2026-03-14,2026-03-15,LABOR,22.0,3850.0,0,0.0,0.0,,2026-03-15T17:48:00Z
TXN-51320,PRJ-1030,2026-02-02,2026-02-03,LABOR,8.0,1400.0,2,-136.0,1264.0,INV-9084,2026-02-03T19:46:00Z
TXN-50311,PRJ-1007,2026-03-15,2026-03-17,LABOR,10.0,2500.0,2,86.0,2586.0,INV-9020,2026-03-17T22:07:00Z
TXN-51452,PRJ-1033,2026-03-27,2026-03-27,LABOR,18.0,3150.0,0,0.0,0.0,,2026-03-27T17:30:00Z
TXN-51587,PRJ-1036,2026-03-02,2026-03-02,LABOR,14.0,1330.0,2,-179.0,1151.0,INV-9102,2026-03-02T15:42:00Z
TXN-51411,PRJ-1032,2026-03-13,2026-03-14,LABOR,8.0,2000.0,0,0.0,0.0,,2026-03-14T22:25:00Z
TXN-51408,PRJ-1032,2026-03-08,2026-03-09,LABOR,20.0,4200.0,0,0.0,0.0,,2026-03-09T21:22:00Z
TXN-51204,PRJ-1028,2026-01-21,2026-01-23,LABOR,22.0,5500.0,2,-105.0,5395.0,INV-9077,2026-01-23T22:57:00Z
TXN-50680,PRJ-1016,2026-03-05,2026-03-05,EXPENSE,0.0,853.0,0,0.0,0.0,,2026-03-05T16:04:00Z
TXN-50157,PRJ-1004,2026-03-27,2026-03-29,LABOR,16.0,2800.0,0,0.0,0.0,,2026-03-29T13:17:00Z
TXN-51105,PRJ-1025,2026-02-07,2026-02-09,EXPENSE,0.0,2044.0,1,0.0,0.0,,2026-02-09T14:54:00Z
TXN-51156,PRJ-1027,2026-01-03,2026-01-04,LABOR,22.0,4620.0,2,-340.0,4280.0,INV-9075,2026-01-04T13:52:00Z
TXN-50473,PRJ-1011,2026-03-17,2026-03-17,LABOR,8.0,1680.0,0,0.0,0.0,,2026-03-17T18:59:00Z
TXN-51311,PRJ-1030,2026-02-23,2026-02-24,LABOR,4.0,840.0,2,-59.0,781.0,INV-9084,2026-02-24T20:16:00Z
TXN-50631,PRJ-1015,2026-02-07,2026-02-08,LABOR,14.0,2450.0,0,0.0,0.0,,2026-02-08T13:04:00Z
TXN-50254,PRJ-1006,2026-03-04,2026-03-04,LABOR,6.0,1500.0,2,-166.0,1334.0,INV-9017,2026-03-04T15:27:00Z
TXN-51287,PRJ-1029,2026-03-23,2026-03-25,LABOR,20.0,4200.0,0,0.0,0.0,,2026-03-25T21:06:00Z
TXN-50694,PRJ-1017,2026-01-16,2026-01-16,LABOR,6.0,1260.0,2,-101.0,1159.0,INV-9048,2026-01-16T22:14:00Z
TXN-50757,PRJ-1018,2026-02-04,2026-02-06,LABOR,16.0,2800.0,2,-517.0,2283.0,INV-9052,2026-02-06T18:28:00Z
TXN-51543,PRJ-1035,2026-03-26,2026-03-27,LABOR,8.0,1400.0,0,0.0,0.0,,2026-03-27T22:22:00Z
TXN-51090,PRJ-1025,2026-03-07,2026-03-08,LABOR,22.0,5500.0,0,0.0,0.0,,2026-03-08T21:19:00Z
TXN-51043,PRJ-1024,2026-03-19,2026-03-20,LABOR,12.0,1440.0,0,0.0,0.0,,2026-03-20T18:53:00Z
TXN-51075,PRJ-1025,2026-02-13,2026-02-14,LABOR,8.0,960.0,2,-111.0,849.0,INV-9071,2026-02-14T16:35:00Z
TXN-50822,PRJ-1019,2026-03-16,2026-03-18,LABOR,16.0,1520.0,0,0.0,0.0,,2026-03-18T14:39:00Z
TXN-50108,PRJ-1003,2026-02-17,2026-02-18,LABOR,16.0,1520.0,0,0.0,0.0,,2026-02-18T17:50:00Z
TXN-50262,PRJ-1007,2026-01-10,2026-01-12,LABOR,14.0,2940.0,2,-205.0,2735.0,INV-9018,2026-01-12T16:22:00Z
TXN-51312,PRJ-1030,2026-02-24,2026-02-25,LABOR,16.0,2800.0,2,-455.0,2345.0,INV-9084,2026-02-25T15:43:00Z
TXN-50501,PRJ-1012,2026-02-13,2026-02-13,LABOR,4.0,380.0,2,4.0,384.0,INV-9034,2026-02-13T14:01:00Z
TXN-51327,PRJ-1030,2026-03-27,2026-03-29,EXPENSE,0.0,614.0,0,0.0,0.0,,2026-03-29T16:20:00Z
TXN-50785,PRJ-1018,2026-03-14,2026-03-14,LABOR,4.0,600.0,2,-92.0,508.0,INV-9053,2026-03-14T19:42:00Z
TXN-50913,PRJ-1021,2026-03-22,2026-03-23,EXPENSE,0.0,1290.0,0,0.0,0.0,,2026-03-23T16:16:00Z
TXN-50839,PRJ-1019,2026-03-26,2026-03-27,EXPENSE,0.0,1727.0,2,38.0,1765.0,INV-9056,2026-03-27T16:29:00Z
TXN-50909,PRJ-1021,2026-02-07,2026-02-08,LABOR,10.0,2100.0,0,0.0,0.0,,2026-02-08T18:54:00Z
TXN-50986,PRJ-1023,2026-01-11,2026-01-11,LABOR,8.0,960.0,0,0.0,0.0,,2026-01-11T14:52:00Z
TXN-50601,PRJ-1014,2026-03-23,2026-03-24,LABOR,18.0,3150.0,0,0.0,0.0,,2026-03-24T21:18:00Z
TXN-51033,PRJ-1024,2026-02-24,2026-02-24,LABOR,6.0,900.0,0,0.0,0.0,,2026-02-24T14:17:00Z
TXN-50563,PRJ-1013,2026-03-17,2026-03-17,LABOR,18.0,2160.0,2,-124.0,2036.0,INV-9038,2026-03-17T13:18:00Z
TXN-50943,PRJ-1022,2026-02-08,2026-02-09,LABOR,20.0,5000.0,2,120.0,5120.0,INV-9063,2026-02-09T14:16:00Z
TXN-50274,PRJ-1007,2026-01-07,2026-01-08,LABOR,14.0,1680.0,0,0.0,0.0,,2026-01-08T19:01:00Z
TXN-50452,PRJ-1011,2026-01-22,2026-01-24,LABOR,22.0,5500.0,0,0.0,0.0,,2026-01-24T19:14:00Z
TXN-51242,PRJ-1028,2026-03-07,2026-03-08,LABOR,14.0,2100.0,2,-59.0,2041.0,INV-9079,2026-03-08T17:25:00Z
TXN-50826,PRJ-1019,2026-03-22,2026-03-24,LABOR,22.0,2090.0,0,0.0,0.0,,2026-03-24T19:33:00Z
TXN-50561,PRJ-1013,2026-03-27,2026-03-29,EXPENSE,0.0,2372.0,2,-55.0,2317.0,INV-9038,2026-03-29T21:32:00Z
TXN-50386,PRJ-1009,2026-02-07,2026-02-09,EXPENSE,0.0,801.0,0,0.0,0.0,,2026-02-09T15:32:00Z
TXN-50989,PRJ-1023,2026-02-27,2026-02-28,LABOR,16.0,1920.0,2,-204.0,1716.0,INV-9066,2026-02-28T18:40:00Z
TXN-51762,PRJ-1011,2026-03-30,2026-04-02,LABOR,18.0,3150.0,0,0.0,0.0,,2026-04-02T13:32:00Z
TXN-50064,PRJ-1002,2026-02-26,2026-02-27,LABOR,4.0,600.0,0,0.0,0.0,,2026-02-27T22:31:00Z
TXN-50582,PRJ-1014,2026-02-16,2026-02-17,LABOR,10.0,2100.0,2,-372.0,1728.0,INV-9040,2026-02-17T15:35:00Z
TXN-51321,PRJ-1030,2026-02-25,2026-02-26,LABOR,14.0,2100.0,0,0.0,0.0,,2026-02-26T21:02:00Z
TXN-51706,PRJ-1040,2026-01-17,2026-01-18,LABOR,4.0,700.0,2,-88.0,612.0,INV-9109,2026-01-18T18:57:00Z
TXN-50007,PRJ-1001,2026-01-21,2026-01-23,LABOR,10.0,2500.0,0,0.0,0.0,,2026-01-23T17:19:00Z
TXN-50524,PRJ-1013,2026-01-19,2026-01-21,LABOR,16.0,3360.0,2,-327.0,3033.0,INV-9036,2026-01-21T17:20:00Z
TXN-50017,PRJ-1001,2026-02-09,2026-02-10,LABOR,16.0,2800.0,2,-39.0,2761.0,INV-9002,2026-02-10T20:24:00Z
TXN-50159,PRJ-1004,2026-03-02,2026-03-02,LABOR,8.0,1680.0,0,0.0,0.0,,2026-03-02T18:47:00Z
TXN-51372,PRJ-1031,2026-03-19,2026-03-21,LABOR,14.0,2100.0,0,0.0,0.0,,2026-03-21T20:25:00Z
TXN-50784,PRJ-1018,2026-03-27,2026-03-28,LABOR,22.0,2090.0,2,72.0,2162.0,INV-9053,2026-03-28T22:29:00Z
TXN-51007,PRJ-1023,2026-03-17,2026-03-18,LABOR,14.0,2450.0,0,0.0,0.0,,2026-03-18T14:05:00Z
TXN-51398,PRJ-1032,2026-02-18,2026-02-18,EXPENSE,0.0,845.0,0,0.0,0.0,,2026-02-18T21:56:00Z
TXN-50569,PRJ-1014,2026-01-14,2026-01-14,LABOR,12.0,2100.0,2,165.0,2265.0,INV-9039,2026-01-14T16:00:00Z
TXN-50218,PRJ-1006,2026-01-24,2026-01-24,LABOR,6.0,1500.0,2,-165.0,1335.0,INV-9015,2026-01-24T22:36:00Z
TXN-50432,PRJ-1010,2026-03-03,2026-03-05,LABOR,8.0,760.0,0,0.0,0.0,,2026-03-05T17:04:00Z
TXN-50169,PRJ-1005,2026-01-08,2026-01-08,LABOR,10.0,2500.0,2,-22.0,2478.0,INV-9012,2026-01-08T17:20:00Z
TXN-50945,PRJ-1022,2026-02-03,2026-02-05,LABOR,4.0,700.0,2,-85.0,615.0,INV-9063,2026-02-05T22:34:00Z
TXN-50175,PRJ-1005,2026-01-08,2026-01-08,LABOR,22.0,5500.0,0,0.0,0.0,,2026-01-08T19:54:00Z
TXN-50112,PRJ-1003,2026-03-08,2026-03-10,LABOR,6.0,900.0,0,0.0,0.0,,2026-03-10T18:37:00Z
TXN-50343,PRJ-1008,2026-02-08,2026-02-09,LABOR,10.0,1200.0,0,0.0,0.0,,2026-02-09T17:20:00Z
TXN-50260,PRJ-1006,2026-03-18,2026-03-20,LABOR,20.0,1900.0,2,78.0,1978.0,INV-9017,2026-03-20T14:16:00Z
TXN-51576,PRJ-1036,2026-03-10,2026-03-11,LABOR,12.0,2100.0,0,0.0,0.0,,2026-03-11T21:29:00Z
TXN-51251,PRJ-1029,2026-01-12,2026-01-12,LABOR,4.0,600.0,2,-76.0,524.0,INV-9080,2026-01-12T19:06:00Z
TXN-50599,PRJ-1014,2026-03-06,2026-03-08,LABOR,20.0,5000.0,0,0.0,0.0,,2026-03-08T16:56:00Z
TXN-51324,PRJ-1030,2026-02-27,2026-02-28,LABOR,22.0,4620.0,0,0.0,0.0,,2026-02-28T15:14:00Z
TXN-50015,PRJ-1001,2026-02-16,2026-02-18,LABOR,10.0,1500.0,2,-210.0,1290.0,INV-9002,2026-02-18T17:16:00Z
TXN-50352,PRJ-1008,2026-03-22,2026-03-22,EXPENSE,0.0,2131.0,0,0.0,0.0,,2026-03-22T19:52:00Z
TXN-50570,PRJ-1014,2026-01-19,2026-01-20,EXPENSE,0.0,1231.0,2,-58.0,1173.0,INV-9039,2026-01-20T21:09:00Z
TXN-50383,PRJ-1009,2026-02-10,2026-02-11,LABOR,12.0,1140.0,0,0.0,0.0,,2026-02-11T17:20:00Z
TXN-50854,PRJ-1020,2026-02-03,2026-02-05,LABOR,10.0,2100.0,2,-5.0,2095.0,INV-9058,2026-02-05T18:14:00Z
TXN-51042,PRJ-1024,2026-03-13,2026-03-15,EXPENSE,0.0,1120.0,0,0.0,0.0,,2026-03-15T16:22:00Z
TXN-50482,PRJ-1012,2026-01-08,2026-01-09,LABOR,14.0,2940.0,2,-122.0,2818.0,INV-9033,2026-01-09T16:33:00Z
TXN-50272,PRJ-1007,2026-01-22,2026-01-23,LABOR,20.0,5000.0,0,0.0,0.0,,2026-01-23T13:28:00Z
TXN-50620,PRJ-1015,2026-02-24,2026-02-24,LABOR,14.0,3500.0,2,-34.0,3466.0,INV-9043,2026-02-24T16:45:00Z
TXN-50113,PRJ-1003,2026-03-15,2026-03-16,LABOR,20.0,4200.0,0,0.0,0.0,,2026-03-16T18:53:00Z
TXN-51342,PRJ-1031,2026-01-23,2026-01-24,LABOR,18.0,1710.0,2,31.0,1741.0,INV-9086,2026-01-24T21:59:00Z
TXN-51300,PRJ-1030,2026-01-27,2026-01-29,LABOR,20.0,5000.0,2,-939.0,4061.0,INV-9083,2026-01-29T15:37:00Z
TXN-50232,PRJ-1006,2026-02-14,2026-02-15,LABOR,20.0,1900.0,2,-25.0,1875.0,INV-9016,2026-02-15T14:39:00Z
TXN-51198,PRJ-1028,2026-01-23,2026-01-25,LABOR,6.0,900.0,2,-76.0,824.0,INV-9077,2026-01-25T16:18:00Z
TXN-51259,PRJ-1029,2026-02-23,2026-02-25,EXPENSE,0.0,1568.0,2,-155.0,1413.0,INV-9081,2026-02-25T19:32:00Z
TXN-50120,PRJ-1003,2026-03-15,2026-03-16,EXPENSE,0.0,265.0,0,0.0,0.0,,2026-03-16T22:26:00Z
TXN-50743,PRJ-1018,2026-01-20,2026-01-21,LABOR,20.0,4200.0,2,-147.0,4053.0,INV-9051,2026-01-21T21:46:00Z
TXN-51561,PRJ-1036,2026-02-10,2026-02-12,LABOR,12.0,1440.0,2,-46.0,1394.0,INV-9101,2026-02-12T18:04:00Z
TXN-51255,PRJ-1029,2026-01-06,2026-01-07,LABOR,22.0,2640.0,0,0.0,0.0,,2026-01-07T20:54:00Z
TXN-50794,PRJ-1019,2026-01-05,2026-01-07,LABOR,18.0,3780.0,2,-678.0,3102.0,INV-9054,2026-01-07T13:45:00Z
TXN-51362,PRJ-1031,2026-02-10,2026-02-11,LABOR,8.0,960.0,0,0.0,0.0,,2026-02-11T15:19:00Z
TXN-50183,PRJ-1005,2026-02-12,2026-02-13,LABOR,6.0,720.0,2,-134.0,586.0,INV-9013,2026-02-13T17:35:00Z
TXN-50004,PRJ-1001,2026-01-16,2026-01-17,LABOR,4.0,700.0,2,-127.0,573.0,INV-9001,2026-01-17T21:49:00Z
TXN-50510,PRJ-1012,2026-03-21,2026-03-21,LABOR,12.0,3000.0,0,0.0,0.0,,2026-03-21T17:05:00Z
TXN-51117,PRJ-1026,2026-01-08,2026-01-08,EXPENSE,0.0,1936.0,0,0.0,0.0,,2026-01-08T14:33:00Z
TXN-50413,PRJ-1010,2026-01-19,2026-01-19,LABOR,18.0,4500.0,0,0.0,0.0,,2026-01-19T13:59:00Z
TXN-50390,PRJ-1009,2026-03-10,2026-03-10,EXPENSE,0.0,2106.0,0,0.0,0.0,,2026-03-10T21:03:00Z
TXN-50144,PRJ-1004,2026-02-12,2026-02-14,LABOR,22.0,2640.0,2,-68.0,2572.0,INV-9010,2026-02-14T15:51:00Z
TXN-50723,PRJ-1017,2026-03-14,2026-03-16,EXPENSE,0.0,170.0,0,0.0,0.0,,2026-03-16T13:06:00Z
TXN-50305,PRJ-1007,2026-03-17,2026-03-18,LABOR,22.0,2640.0,0,0.0,0.0,,2026-03-18T17:08:00Z
TXN-50850,PRJ-1020,2026-01-05,2026-01-05,EXPENSE,0.0,1618.0,0,0.0,0.0,,2026-01-05T19:36:00Z
TXN-50981,PRJ-1023,2026-01-18,2026-01-18,EXPENSE,0.0,2391.0,2,-469.0,1922.0,INV-9065,2026-01-18T18:17:00Z
TXN-51420,PRJ-1032,2026-03-11,2026-03-12,EXPENSE,0.0,1560.0,2,71.0,1631.0,INV-9091,2026-03-12T14:31:00Z
TXN-50075,PRJ-1002,2026-03-21,2026-03-22,LABOR,6.0,1260.0,0,0.0,0.0,,2026-03-22T13:12:00Z
TXN-51470,PRJ-1034,2026-01-13,2026-01-14,LABOR,6.0,1500.0,2,-247.0,1253.0,INV-9095,2026-01-14T16:24:00Z
TXN-51570,PRJ-1036,2026-02-24,2026-02-26,EXPENSE,0.0,928.0,0,0.0,0.0,,2026-02-26T17:00:00Z
TXN-50087,PRJ-1003,2026-01-06,2026-01-07,EXPENSE,0.0,953.0,2,-63.0,890.0,INV-9006,2026-01-07T20:08:00Z
TXN-51511,PRJ-1034,2026-03-07,2026-03-08,EXPENSE,0.0,2443.0,2,-108.0,2335.0,INV-9097,2026-03-08T14:57:00Z
TXN-51241,PRJ-1028,2026-03-16,2026-03-17,LABOR,22.0,4620.0,2,3.0,4623.0,INV-9079,2026-03-17T17:57:00Z
TXN-50838,PRJ-1019,2026-03-15,2026-03-15,LABOR,10.0,1200.0,2,76.0,1276.0,INV-9056,2026-03-15T19:22:00Z
TXN-50267,PRJ-1007,2026-01-19,2026-01-21,LABOR,8.0,760.0,2,-35.0,725.0,INV-9018,2026-01-21T18:23:00Z
TXN-50983,PRJ-1023,2026-01-07,2026-01-08,LABOR,14.0,2450.0,2,-395.0,2055.0,INV-9065,2026-01-08T14:08:00Z
TXN-51406,PRJ-1032,2026-03-17,2026-03-18,EXPENSE,0.0,525.0,0,0.0,0.0,,2026-03-18T20:34:00Z
TXN-50317,PRJ-1008,2026-01-07,2026-01-09,LABOR,18.0,2700.0,2,-195.0,2505.0,INV-9021,2026-01-09T21:23:00Z
TXN-50931,PRJ-1022,2026-01-06,2026-01-06,LABOR,8.0,760.0,2,2.0,762.0,INV-9062,2026-01-06T22:33:00Z
TXN-51528,PRJ-1035,2026-02-20,2026-02-22,LABOR,22.0,2090.0,2,-36.0,2054.0,INV-9099,2026-02-22T17:23:00Z
TXN-51694,PRJ-1039,2026-03-19,2026-03-19,EXPENSE,0.0,1837.0,0,0.0,0.0,,2026-03-19T18:19:00Z
TXN-51051,PRJ-1024,2026-03-08,2026-03-08,LABOR,18.0,2700.0,0,0.0,0.0,,2026-03-08T14:18:00Z
TXN-51551,PRJ-1036,2026-01-23,2026-01-23,EXPENSE,0.0,2188.0,2,44.0,2232.0,INV-9100,2026-01-23T14:00:00Z
TXN-50859,PRJ-1020,2026-02-19,2026-02-20,LABOR,20.0,2400.0,2,-405.0,1995.0,INV-9058,2026-02-20T21:07:00Z
TXN-51348,PRJ-1031,2026-01-09,2026-01-10,EXPENSE,0.0,410.0,0,0.0,0.0,,2026-01-10T13:03:00Z
TXN-51681,PRJ-1039,2026-02-03,2026-02-03,LABOR,4.0,600.0,2,-70.0,530.0,INV-9108,2026-02-03T22:53:00Z
TXN-51380,PRJ-1032,2026-01-15,2026-01-15,LABOR,10.0,1500.0,2,-49.0,1451.0,INV-9089,2026-01-15T22:14:00Z
TXN-51632,PRJ-1038,2026-01-18,2026-01-20,LABOR,10.0,1200.0,2,-60.0,1140.0,INV-9105,2026-01-20T13:20:00Z
TXN-50464,PRJ-1011,2026-02-07,2026-02-07,LABOR,22.0,4620.0,0,0.0,0.0,,2026-02-07T13:33:00Z
TXN-50727,PRJ-1017,2026-03-10,2026-03-10,EXPENSE,0.0,836.0,0,0.0,0.0,,2026-03-10T18:10:00Z
TXN-50992,PRJ-1023,2026-02-17,2026-02-17,LABOR,22.0,5500.0,2,-737.0,4763.0,INV-9066,2026-02-17T13:54:00Z
TXN-50753,PRJ-1018,2026-01-12,2026-01-14,EXPENSE,0.0,1651.0,0,0.0,0.0,,2026-01-14T13:14:00Z
TXN-50283,PRJ-1007,2026-02-09,2026-02-11,LABOR,20.0,3000.0,2,-109.0,2891.0,INV-9019,2026-02-11T17:07:00Z
TXN-50397,PRJ-1009,2026-03-03,2026-03-03,EXPENSE,0.0,1971.0,2,-309.0,1662.0,INV-9026,2026-03-03T15:45:00Z
TXN-50337,PRJ-1008,2026-02-16,2026-02-16,EXPENSE,0.0,2021.0,2,-292.0,1729.0,INV-9022,2026-02-16T14:23:00Z
TXN-50665,PRJ-1016,2026-01-05,2026-01-05,EXPENSE,0.0,1901.0,0,0.0,0.0,,2026-01-05T13:37:00Z
TXN-50164,PRJ-1004,2026-03-26,2026-03-28,LABOR,6.0,570.0,0,0.0,0.0,,2026-03-28T15:34:00Z
TXN-51111,PRJ-1026,2026-01-13,2026-01-14,LABOR,18.0,4500.0,2,-392.0,4108.0,INV-9073,2026-01-14T20:12:00Z
TXN-51390,PRJ-1032,2026-01-27,2026-01-28,LABOR,22.0,3300.0,0,0.0,0.0,,2026-01-28T20:14:00Z
TXN-50479,PRJ-1011,2026-03-15,2026-03-17,LABOR,18.0,2160.0,2,-182.0,1978.0,INV-9032,2026-03-17T21:02:00Z
TXN-50496,PRJ-1012,2026-01-11,2026-01-13,LABOR,14.0,3500.0,0,0.0,0.0,,2026-01-13T13:28:00Z
TXN-51032,PRJ-1024,2026-02-16,2026-02-18,LABOR,16.0,1520.0,2,-127.0,1393.0,INV-9068,2026-02-18T20:52:00Z
TXN-50542,PRJ-1013,2026-02-24,2026-02-25,LABOR,10.0,1750.0,0,0.0,0.0,,2026-02-25T19:43:00Z
TXN-50212,PRJ-1005,2026-03-06,2026-03-08,LABOR,16.0,2400.0,2,-178.0,2222.0,INV-9014,2026-03-08T14:14:00Z
TXN-51262,PRJ-1029,2026-02-21,2026-02-22,LABOR,20.0,1900.0,2,-343.0,1557.0,INV-9081,2026-02-22T19:11:00Z
TXN-50847,PRJ-1020,2026-01-05,2026-01-07,LABOR,14.0,2940.0,2,-267.0,2673.0,INV-9057,2026-01-07T17:59:00Z
TXN-50618,PRJ-1015,2026-02-07,2026-02-09,LABOR,16.0,3360.0,2,208.0,3568.0,INV-9043,2026-02-09T18:27:00Z
TXN-51593,PRJ-1037,2026-01-26,2026-01-26,LABOR,12.0,2100.0,2,-106.0,1994.0,INV-9103,2026-01-26T14:27:00Z
TXN-51257,PRJ-1029,2026-01-15,2026-01-15,LABOR,6.0,570.0,0,0.0,0.0,,2026-01-15T13:12:00Z
TXN-50234,PRJ-1006,2026-02-26,2026-02-28,LABOR,22.0,4620.0,2,-757.0,3863.0,INV-9016,2026-02-28T21:16:00Z
TXN-50019,PRJ-1001,2026-02-20,2026-02-21,LABOR,22.0,3850.0,0,0.0,0.0,,2026-02-21T22:09:00Z
TXN-50016,PRJ-1001,2026-02-12,2026-02-14,LABOR,20.0,4200.0,2,-509.0,3691.0,INV-9002,2026-02-14T13:55:00Z
TXN-50813,PRJ-1019,2026-02-08,2026-02-09,LABOR,10.0,950.0,2,-89.0,861.0,INV-9055,2026-02-09T14:34:00Z
TXN-50293,PRJ-1007,2026-02-04,2026-02-04,LABOR,6.0,1500.0,0,0.0,0.0,,2026-02-04T15:29:00Z
TXN-51465,PRJ-1033,2026-03-02,2026-03-02,EXPENSE,0.0,2419.0,2,-136.0,2283.0,INV-9094,2026-03-02T19:15:00Z
TXN-51125,PRJ-1026,2026-02-11,2026-02-11,LABOR,8.0,1200.0,2,-70.0,1130.0,INV-9074,2026-02-11T18:59:00Z
TXN-50031,PRJ-1001,2026-03-11,2026-03-12,LABOR,14.0,1330.0,0,0.0,0.0,,2026-03-12T22:25:00Z
TXN-51019,PRJ-1024,2026-01-25,2026-01-25,EXPENSE,0.0,1637.0,2,-219.0,1418.0,INV-9067,2026-01-25T21:29:00Z
TXN-50701,PRJ-1017,2026-02-10,2026-02-12,EXPENSE,0.0,2456.0,2,-393.0,2063.0,INV-9049,2026-02-12T13:42:00Z
TXN-50686,PRJ-1016,2026-03-26,2026-03-26,LABOR,18.0,3150.0,2,181.0,3331.0,INV-9047,2026-03-26T16:52:00Z
TXN-51728,PRJ-1040,2026-03-19,2026-03-20,LABOR,4.0,840.0,0,0.0,0.0,,2026-03-20T13:40:00Z
TXN-51662,PRJ-1038,2026-03-23,2026-03-24,LABOR,10.0,1500.0,0,0.0,0.0,,2026-03-24T16:26:00Z
TXN-51006,PRJ-1023,2026-03-23,2026-03-23,LABOR,16.0,3360.0,0,0.0,0.0,,2026-03-23T19:19:00Z
TXN-50817,PRJ-1019,2026-02-13,2026-02-15,LABOR,12.0,2520.0,0,0.0,0.0,,2026-02-15T13:35:00Z
TXN-50492,PRJ-1012,2026-01-19,2026-01-20,LABOR,10.0,1200.0,2,62.0,1262.0,INV-9033,2026-01-20T21:15:00Z
TXN-50203,PRJ-1005,2026-03-14,2026-03-15,LABOR,8.0,760.0,0,0.0,0.0,,2026-03-15T17:05:00Z
TXN-51358,PRJ-1031,2026-02-08,2026-02-08,LABOR,22.0,2090.0,2,-192.0,1898.0,INV-9087,2026-02-08T20:40:00Z
TXN-51450,PRJ-1033,2026-03-04,2026-03-05,EXPENSE,0.0,537.0,0,0.0,0.0,,2026-03-05T16:16:00Z
TXN-50917,PRJ-1021,2026-03-15,2026-03-17,EXPENSE,0.0,1239.0,0,0.0,0.0,,2026-03-17T18:54:00Z
TXN-50029,PRJ-1001,2026-03-06,2026-03-06,LABOR,16.0,1520.0,0,0.0,0.0,,2026-03-06T14:35:00Z
TXN-50720,PRJ-1017,2026-03-20,2026-03-22,LABOR,6.0,570.0,0,0.0,0.0,,2026-03-22T21:33:00Z
TXN-51562,PRJ-1036,2026-02-08,2026-02-09,EXPENSE,0.0,1561.0,2,-312.0,1249.0,INV-9101,2026-02-09T19:13:00Z
TXN-50208,PRJ-1005,2026-03-21,2026-03-22,LABOR,14.0,1330.0,2,-172.0,1158.0,INV-9014,2026-03-22T17:09:00Z
TXN-51239,PRJ-1028,2026-03-19,2026-03-20,EXPENSE,0.0,2134.0,2,-350.0,1784.0,INV-9079,2026-03-20T16:06:00Z
TXN-51343,PRJ-1031,2026-01-22,2026-01-23,LABOR,20.0,3000.0,2,-519.0,2481.0,INV-9086,2026-01-23T16:15:00Z
TXN-51065,PRJ-1025,2026-01-06,2026-01-08,LABOR,6.0,1260.0,2,15.0,1275.0,INV-9070,2026-01-08T21:34:00Z
TXN-50286,PRJ-1007,2026-02-22,2026-02-24,LABOR,18.0,2160.0,2,-159.0,2001.0,INV-9019,2026-02-24T22:34:00Z
TXN-50879,PRJ-1020,2026-03-20,2026-03-20,LABOR,4.0,480.0,0,0.0,0.0,,2026-03-20T22:07:00Z
TXN-50361,PRJ-1009,2026-01-07,2026-01-07,LABOR,18.0,3780.0,2,-662.0,3118.0,INV-9024,2026-01-07T14:23:00Z
TXN-51021,PRJ-1024,2026-01-07,2026-01-07,LABOR,4.0,600.0,2,-15.0,585.0,INV-9067,2026-01-07T16:55:00Z
TXN-50595,PRJ-1014,2026-03-22,2026-03-23,LABOR,20.0,1900.0,0,0.0,0.0,,2026-03-23T18:39:00Z
TXN-50548,PRJ-1013,2026-03-02,2026-03-04,LABOR,8.0,1200.0,0,0.0,0.0,,2026-03-04T16:03:00Z
TXN-50905,PRJ-1021,2026-02-13,2026-02-14,LABOR,4.0,380.0,2,-28.0,352.0,INV-9061,2026-02-14T14:22:00Z
TXN-50814,PRJ-1019,2026-02-11,2026-02-13,LABOR,16.0,1520.0,0,0.0,0.0,,2026-02-13T16:55:00Z
TXN-51233,PRJ-1028,2026-03-27,2026-03-29,LABOR,16.0,1520.0,0,0.0,0.0,,2026-03-29T17:53:00Z
TXN-50314,PRJ-1007,2026-03-27,2026-03-27,LABOR,10.0,1750.0,2,123.0,1873.0,INV-9020,2026-03-27T15:11:00Z
TXN-50384,PRJ-1009,2026-02-23,2026-02-25,LABOR,20.0,3000.0,0,0.0,0.0,,2026-02-25T17:56:00Z
TXN-50419,PRJ-1010,2026-02-13,2026-02-13,EXPENSE,0.0,2464.0,2,-336.0,2128.0,INV-9028,2026-02-13T17:06:00Z
TXN-51328,PRJ-1030,2026-03-23,2026-03-23,LABOR,22.0,3850.0,0,0.0,0.0,,2026-03-23T14:32:00Z
TXN-50392,PRJ-1009,2026-03-25,2026-03-27,LABOR,22.0,4620.0,0,0.0,0.0,,2026-03-27T14:17:00Z
TXN-50082,PRJ-1002,2026-03-14,2026-03-16,EXPENSE,0.0,1344.0,0,0.0,0.0,,2026-03-16T22:47:00Z
TXN-50807,PRJ-1019,2026-02-16,2026-02-18,LABOR,8.0,1680.0,2,-85.0,1595.0,INV-9055,2026-02-18T19:16:00Z
TXN-50656,PRJ-1016,2026-01-22,2026-01-23,LABOR,16.0,1520.0,2,-299.0,1221.0,INV-9045,2026-01-23T16:14:00Z
TXN-50045,PRJ-1002,2026-01-05,2026-01-07,LABOR,6.0,1260.0,2,-183.0,1077.0,INV-9003,2026-01-07T21:16:00Z
TXN-51344,PRJ-1031,2026-01-13,2026-01-14,LABOR,6.0,1050.0,2,40.0,1090.0,INV-9086,2026-01-14T20:13:00Z
TXN-51677,PRJ-1039,2026-02-11,2026-02-11,EXPENSE,0.0,1649.0,2,-75.0,1574.0,INV-9108,2026-02-11T22:18:00Z
TXN-50800,PRJ-1019,2026-01-26,2026-01-28,LABOR,4.0,480.0,0,0.0,0.0,,2026-01-28T15:36:00Z
TXN-50588,PRJ-1014,2026-02-23,2026-02-24,LABOR,18.0,4500.0,0,0.0,0.0,,2026-02-24T22:12:00Z
TXN-50888,PRJ-1021,2026-01-20,2026-01-21,LABOR,16.0,3360.0,2,-336.0,3024.0,INV-9060,2026-01-21T22:51:00Z
TXN-50204,PRJ-1005,2026-03-26,2026-03-26,LABOR,16.0,4000.0,0,0.0,0.0,,2026-03-26T14:14:00Z
TXN-50043,PRJ-1002,2026-01-22,2026-01-23,LABOR,16.0,4000.0,2,36.0,4036.0,INV-9003,2026-01-23T13:22:00Z
TXN-51214,PRJ-1028,2026-02-05,2026-02-07,LABOR,14.0,2100.0,2,-383.0,1717.0,INV-9078,2026-02-07T19:36:00Z
TXN-50922,PRJ-1021,2026-03-08,2026-03-08,LABOR,4.0,840.0,0,0.0,0.0,,2026-03-08T17:04:00Z
TXN-50505,PRJ-1012,2026-02-06,2026-02-08,LABOR,10.0,1200.0,0,0.0,0.0,,2026-02-08T15:41:00Z
TXN-50577,PRJ-1014,2026-02-13,2026-02-15,LABOR,18.0,1710.0,2,-48.0,1662.0,INV-9040,2026-02-15T14:48:00Z
TXN-51252,PRJ-1029,2026-01-20,2026-01-21,LABOR,4.0,480.0,2,11.0,491.0,INV-9080,2026-01-21T16:37:00Z
TXN-51692,PRJ-1039,2026-03-13,2026-03-15,LABOR,4.0,840.0,0,0.0,0.0,,2026-03-15T16:24:00Z
TXN-51592,PRJ-1037,2026-01-06,2026-01-08,LABOR,14.0,1680.0,2,39.0,1719.0,INV-9103,2026-01-08T18:01:00Z
TXN-50939,PRJ-1022,2026-02-20,2026-02-21,LABOR,22.0,3850.0,2,-494.0,3356.0,INV-9063,2026-02-21T20:58:00Z
TXN-51168,PRJ-1027,2026-01-10,2026-01-11,LABOR,20.0,5000.0,0,0.0,0.0,,2026-01-11T21:22:00Z
TXN-51276,PRJ-1029,2026-03-19,2026-03-20,LABOR,4.0,1000.0,0,0.0,0.0,,2026-03-20T22:24:00Z
TXN-50722,PRJ-1017,2026-03-14,2026-03-14,LABOR,22.0,3300.0,0,0.0,0.0,,2026-03-14T15:56:00Z
TXN-50674,PRJ-1016,2026-02-09,2026-02-09,LABOR,20.0,3000.0,0,0.0,0.0,,2026-02-09T15:55:00Z
TXN-50408,PRJ-1010,2026-01-17,2026-01-17,LABOR,10.0,2100.0,2,11.0,2111.0,INV-9027,2026-01-17T20:01:00Z
TXN-50681,PRJ-1016,2026-03-13,2026-03-15,LABOR,12.0,1140.0,0,0.0,0.0,,2026-03-15T20:03:00Z
TXN-50003,PRJ-1001,2026-01-13,2026-01-14,EXPENSE,0.0,977.0,2,-19.0,958.0,INV-9001,2026-01-14T17:49:00Z
TXN-51074,PRJ-1025,2026-01-12,2026-01-12,LABOR,20.0,1900.0,0,0.0,0.0,,2026-01-12T13:52:00Z
TXN-51708,PRJ-1040,2026-01-15,2026-01-17,LABOR,16.0,4000.0,0,0.0,0.0,,2026-01-17T20:29:00Z
TXN-50747,PRJ-1018,2026-01-05,2026-01-05,LABOR,14.0,2940.0,2,-55.0,2885.0,INV-9051,2026-01-05T16:08:00Z
TXN-51753,PRJ-1018,2026-03-19,2026-03-19,LABOR,16.0,3360.0,2,-1680.0,1680.0,INV-9116,2026-03-19T13:59:00Z
TXN-51355,PRJ-1031,2026-02-15,2026-02-15,LABOR,16.0,2800.0,2,-405.0,2395.0,INV-9087,2026-02-15T18:32:00Z
TXN-50058,PRJ-1002,2026-02-26,2026-02-26,LABOR,12.0,2100.0,2,-334.0,1766.0,INV-9004,2026-02-26T14:49:00Z
TXN-50886,PRJ-1021,2026-01-27,2026-01-28,EXPENSE,0.0,2490.0,2,-203.0,2287.0,INV-9060,2026-01-28T20:04:00Z
TXN-50641,PRJ-1015,2026-03-16,2026-03-16,LABOR,8.0,1200.0,0,0.0,0.0,,2026-03-16T22:23:00Z
TXN-51178,PRJ-1027,2026-02-09,2026-02-11,LABOR,6.0,900.0,0,0.0,0.0,,2026-02-11T17:59:00Z
TXN-50223,PRJ-1006,2026-01-13,2026-01-13,LABOR,16.0,2800.0,2,-340.0,2460.0,INV-9015,2026-01-13T22:52:00Z
TXN-51549,PRJ-1035,2026-03-26,2026-03-27,LABOR,20.0,2400.0,0,0.0,0.0,,2026-03-27T18:35:00Z
TXN-50718,PRJ-1017,2026-03-06,2026-03-06,EXPENSE,0.0,400.0,0,0.0,0.0,,2026-03-06T15:17:00Z
TXN-51022,PRJ-1024,2026-01-18,2026-01-20,LABOR,10.0,2100.0,2,-231.0,1869.0,INV-9067,2026-01-20T22:51:00Z
TXN-50173,PRJ-1005,2026-01-14,2026-01-14,LABOR,8.0,1400.0,2,53.0,1453.0,INV-9012,2026-01-14T17:00:00Z
TXN-50357,PRJ-1008,2026-03-27,2026-03-27,EXPENSE,0.0,1941.0,2,-20.0,1921.0,INV-9023,2026-03-27T14:59:00Z
TXN-51676,PRJ-1039,2026-02-15,2026-02-16,LABOR,20.0,2400.0,2,156.0,2556.0,INV-9108,2026-02-16T15:39:00Z
TXN-50802,PRJ-1019,2026-01-17,2026-01-17,LABOR,20.0,3500.0,0,0.0,0.0,,2026-01-17T19:26:00Z
TXN-50793,PRJ-1019,2026-01-27,2026-01-27,LABOR,20.0,3000.0,2,-329.0,2671.0,INV-9054,2026-01-27T18:23:00Z
TXN-51191,PRJ-1027,2026-03-23,2026-03-24,LABOR,16.0,4000.0,0,0.0,0.0,,2026-03-24T14:47:00Z
TXN-51761,PRJ-1011,2026-03-31,2026-04-01,LABOR,12.0,2100.0,0,0.0,0.0,,2026-04-01T15:15:00Z
TXN-50406,PRJ-1010,2026-01-12,2026-01-13,LABOR,14.0,3500.0,2,-216.0,3284.0,INV-9027,2026-01-13T18:28:00Z
TXN-51650,PRJ-1038,2026-02-14,2026-02-14,EXPENSE,0.0,1387.0,0,0.0,0.0,,2026-02-14T14:18:00Z
TXN-51608,PRJ-1037,2026-02-17,2026-02-19,LABOR,14.0,2450.0,0,0.0,0.0,,2026-02-19T21:28:00Z
TXN-50737,PRJ-1017,2026-03-22,2026-03-23,LABOR,12.0,1140.0,2,7.0,1147.0,INV-9050,2026-03-23T21:06:00Z
TXN-50974,PRJ-1022,2026-03-07,2026-03-07,LABOR,18.0,2160.0,2,-296.0,1864.0,INV-9064,2026-03-07T15:28:00Z
TXN-50334,PRJ-1008,2026-02-26,2026-02-28,LABOR,14.0,2100.0,2,58.0,2158.0,INV-9022,2026-02-28T16:30:00Z
TXN-50670,PRJ-1016,2026-02-13,2026-02-13,LABOR,10.0,2100.0,2,-141.0,1959.0,INV-9046,2026-02-13T14:34:00Z
TXN-50739,PRJ-1017,2026-03-05,2026-03-07,LABOR,8.0,2000.0,2,-172.0,1828.0,INV-9050,2026-03-07T13:50:00Z
TXN-50658,PRJ-1016,2026-01-17,2026-01-17,LABOR,8.0,1200.0,2,-145.0,1055.0,INV-9045,2026-01-17T16:09:00Z
TXN-51502,PRJ-1034,2026-03-22,2026-03-22,LABOR,20.0,5000.0,0,0.0,0.0,,2026-03-22T15:58:00Z
TXN-50142,PRJ-1004,2026-02-23,2026-02-23,LABOR,4.0,1000.0,2,-169.0,831.0,INV-9010,2026-02-23T13:55:00Z
TXN-50526,PRJ-1013,2026-01-11,2026-01-11,EXPENSE,0.0,442.0,2,-14.0,428.0,INV-9036,2026-01-11T18:08:00Z
TXN-51699,PRJ-1040,2026-01-14,2026-01-15,LABOR,18.0,4500.0,2,-488.0,4012.0,INV-9109,2026-01-15T19:42:00Z
TXN-50767,PRJ-1018,2026-02-25,2026-02-25,EXPENSE,0.0,129.0,0,0.0,0.0,,2026-02-25T15:27:00Z
TXN-50137,PRJ-1004,2026-01-15,2026-01-17,LABOR,16.0,2800.0,2,-47.0,2753.0,INV-9009,2026-01-17T17:58:00Z
TXN-50987,PRJ-1023,2026-01-19,2026-01-21,LABOR,22.0,3300.0,0,0.0,0.0,,2026-01-21T19:22:00Z
TXN-50026,PRJ-1001,2026-03-06,2026-03-07,EXPENSE,0.0,2153.0,0,0.0,0.0,,2026-03-07T17:43:00Z
TXN-51229,PRJ-1028,2026-03-14,2026-03-16,LABOR,20.0,3000.0,0,0.0,0.0,,2026-03-16T17:50:00Z
TXN-50954,PRJ-1022,2026-02-17,2026-02-19,LABOR,14.0,2940.0,0,0.0,0.0,,2026-02-19T17:15:00Z
TXN-51361,PRJ-1031,2026-02-27,2026-02-27,LABOR,4.0,380.0,0,0.0,0.0,,2026-02-27T14:17:00Z
TXN-51567,PRJ-1036,2026-02-07,2026-02-08,LABOR,10.0,950.0,2,-88.0,862.0,INV-9101,2026-02-08T14:18:00Z
TXN-50999,PRJ-1023,2026-02-22,2026-02-23,LABOR,4.0,840.0,0,0.0,0.0,,2026-02-23T19:47:00Z
TXN-51564,PRJ-1036,2026-02-22,2026-02-24,EXPENSE,0.0,615.0,2,-9.0,606.0,INV-9101,2026-02-24T22:01:00Z
TXN-51770,PRJ-1036,2026-03-30,2026-04-01,LABOR,12.0,2100.0,0,0.0,0.0,,2026-04-01T22:59:00Z
TXN-51480,PRJ-1034,2026-01-10,2026-01-12,LABOR,20.0,4200.0,2,-540.0,3660.0,INV-9095,2026-01-12T21:43:00Z
TXN-50351,PRJ-1008,2026-03-16,2026-03-17,LABOR,20.0,4200.0,0,0.0,0.0,,2026-03-17T15:11:00Z
TXN-51565,PRJ-1036,2026-02-07,2026-02-08,LABOR,4.0,380.0,2,26.0,406.0,INV-9101,2026-02-08T22:09:00Z
TXN-50308,PRJ-1007,2026-03-04,2026-03-05,EXPENSE,0.0,1657.0,0,0.0,0.0,,2026-03-05T21:38:00Z
TXN-51278,PRJ-1029,2026-03-21,2026-03-21,LABOR,18.0,2160.0,0,0.0,0.0,,2026-03-21T19:13:00Z
TXN-51531,PRJ-1035,2026-02-03,2026-02-05,LABOR,8.0,760.0,2,45.0,805.0,INV-9099,2026-02-05T14:35:00Z
TXN-50523,PRJ-1012,2026-03-27,2026-03-28,EXPENSE,0.0,443.0,2,-82.0,361.0,INV-9035,2026-03-28T15:28:00Z
TXN-51238,PRJ-1028,2026-03-06,2026-03-08,EXPENSE,0.0,549.0,2,-87.0,462.0,INV-9079,2026-03-08T21:01:00Z
TXN-51524,PRJ-1035,2026-01-10,2026-01-10,EXPENSE,0.0,976.0,0,0.0,0.0,,2026-01-10T13:05:00Z
TXN-51137,PRJ-1026,2026-02-17,2026-02-17,LABOR,6.0,720.0,0,0.0,0.0,,2026-02-17T20:55:00Z
TXN-50832,PRJ-1019,2026-03-07,2026-03-08,EXPENSE,0.0,537.0,0,0.0,0.0,,2026-03-08T21:30:00Z
TXN-51469,PRJ-1034,2026-01-04,2026-01-04,LABOR,10.0,950.0,2,0.0,950.0,INV-9095,2026-01-04T17:15:00Z
TXN-50637,PRJ-1015,2026-03-26,2026-03-26,LABOR,4.0,1000.0,0,0.0,0.0,,2026-03-26T17:01:00Z
TXN-51040,PRJ-1024,2026-03-22,2026-03-24,LABOR,4.0,480.0,0,0.0,0.0,,2026-03-24T15:27:00Z
TXN-50023,PRJ-1001,2026-02-08,2026-02-10,EXPENSE,0.0,2425.0,0,0.0,0.0,,2026-02-10T15:43:00Z
TXN-50779,PRJ-1018,2026-03-02,2026-03-03,LABOR,12.0,2520.0,0,0.0,0.0,,2026-03-03T19:40:00Z
TXN-50698,PRJ-1017,2026-01-18,2026-01-18,LABOR,18.0,1710.0,2,-254.0,1456.0,INV-9048,2026-01-18T21:20:00Z
TXN-50836,PRJ-1019,2026-03-09,2026-03-09,EXPENSE,0.0,652.0,2,50.0,702.0,INV-9056,2026-03-09T14:28:00Z
TXN-50933,PRJ-1022,2026-01-19,2026-01-19,LABOR,16.0,1920.0,2,49.0,1969.0,INV-9062,2026-01-19T21:06:00Z
TXN-51202,PRJ-1028,2026-01-19,2026-01-19,LABOR,18.0,3780.0,2,-260.0,3520.0,INV-9077,2026-01-19T16:01:00Z
TXN-51144,PRJ-1026,2026-03-14,2026-03-15,LABOR,8.0,1200.0,0,0.0,0.0,,2026-03-15T13:25:00Z
TXN-51606,PRJ-1037,2026-02-08,2026-02-08,LABOR,18.0,4500.0,0,0.0,0.0,,2026-02-08T22:18:00Z
TXN-50646,PRJ-1015,2026-03-27,2026-03-28,LABOR,10.0,1200.0,0,0.0,0.0,,2026-03-28T22:35:00Z
TXN-50884,PRJ-1020,2026-03-18,2026-03-18,LABOR,22.0,3850.0,2,-676.0,3174.0,INV-9059,2026-03-18T18:26:00Z
TXN-50660,PRJ-1016,2026-01-26,2026-01-28,EXPENSE,0.0,1303.0,2,-22.0,1281.0,INV-9045,2026-01-28T19:42:00Z
TXN-50393,PRJ-1009,2026-03-07,2026-03-07,LABOR,4.0,600.0,0,0.0,0.0,,2026-03-07T13:03:00Z
TXN-51730,PRJ-1040,2026-03-24,2026-03-25,LABOR,8.0,760.0,0,0.0,0.0,,2026-03-25T20:12:00Z
TXN-50153,PRJ-1004,2026-03-03,2026-03-04,LABOR,8.0,960.0,0,0.0,0.0,,2026-03-04T17:57:00Z
TXN-51138,PRJ-1026,2026-03-27,2026-03-27,LABOR,8.0,1400.0,0,0.0,0.0,,2026-03-27T15:19:00Z
TXN-50044,PRJ-1002,2026-01-08,2026-01-08,LABOR,22.0,2090.0,2,68.0,2158.0,INV-9003,2026-01-08T14:53:00Z
TXN-50918,PRJ-1021,2026-03-18,2026-03-20,LABOR,4.0,600.0,0,0.0,0.0,,2026-03-20T14:30:00Z
TXN-51306,PRJ-1030,2026-01-27,2026-01-27,LABOR,8.0,960.0,0,0.0,0.0,,2026-01-27T17:47:00Z
TXN-50161,PRJ-1004,2026-03-08,2026-03-10,EXPENSE,0.0,726.0,0,0.0,0.0,,2026-03-10T20:28:00Z
TXN-50668,PRJ-1016,2026-02-08,2026-02-08,EXPENSE,0.0,1262.0,2,-6.0,1256.0,INV-9046,2026-02-08T20:31:00Z
TXN-51027,PRJ-1024,2026-02-09,2026-02-11,LABOR,12.0,1440.0,2,-181.0,1259.0,INV-9068,2026-02-11T16:16:00Z
TXN-51375,PRJ-1031,2026-03-19,2026-03-19,LABOR,4.0,840.0,2,-106.0,734.0,INV-9088,2026-03-19T20:37:00Z
TXN-50202,PRJ-1005,2026-03-09,2026-03-10,LABOR,8.0,1200.0,0,0.0,0.0,,2026-03-10T18:03:00Z
TXN-50010,PRJ-1001,2026-02-20,2026-02-20,EXPENSE,0.0,835.0,2,21.0,856.0,INV-9002,2026-02-20T21:23:00Z
TXN-50655,PRJ-1016,2026-01-24,2026-01-26,EXPENSE,0.0,451.0,2,-72.0,379.0,INV-9045,2026-01-26T17:54:00Z
TXN-50731,PRJ-1017,2026-03-06,2026-03-08,LABOR,16.0,1520.0,0,0.0,0.0,,2026-03-08T17:02:00Z
TXN-51175,PRJ-1027,2026-02-26,2026-02-28,LABOR,8.0,2000.0,2,-265.0,1735.0,INV-9076,2026-02-28T16:15:00Z
TXN-51057,PRJ-1024,2026-03-26,2026-03-26,LABOR,14.0,2450.0,2,-445.0,2005.0,INV-9069,2026-03-26T22:54:00Z
TXN-50977,PRJ-1022,2026-02-13,2026-02-14,EXPENSE,0.0,516.0,1,0.0,0.0,,2026-02-14T16:09:00Z
TXN-50882,PRJ-1020,2026-03-19,2026-03-19,LABOR,4.0,380.0,2,25.0,405.0,INV-9059,2026-03-19T18:08:00Z
TXN-50866,PRJ-1020,2026-02-20,2026-02-20,LABOR,14.0,2450.0,0,0.0,0.0,,2026-02-20T19:05:00Z
TXN-51106,PRJ-1026,2026-01-07,2026-01-08,LABOR,10.0,1200.0,2,-128.0,1072.0,INV-9073,2026-01-08T16:36:00Z
TXN-51648,PRJ-1038,2026-02-13,2026-02-13,EXPENSE,0.0,1791.0,2,-310.0,1481.0,INV-9106,2026-02-13T17:09:00Z
TXN-50687,PRJ-1016,2026-03-06,2026-03-08,EXPENSE,0.0,1024.0,2,-71.0,953.0,INV-9047,2026-03-08T22:54:00Z
TXN-51585,PRJ-1036,2026-03-09,2026-03-11,LABOR,22.0,4620.0,0,0.0,0.0,,2026-03-11T17:50:00Z
TXN-51560,PRJ-1036,2026-02-02,2026-02-03,LABOR,4.0,700.0,2,52.0,752.0,INV-9101,2026-02-03T22:48:00Z
TXN-50830,PRJ-1019,2026-03-19,2026-03-20,LABOR,18.0,4500.0,0,0.0,0.0,,2026-03-20T15:15:00Z
TXN-50959,PRJ-1022,2026-03-22,2026-03-22,LABOR,20.0,3500.0,0,0.0,0.0,,2026-03-22T21:54:00Z
TXN-50488,PRJ-1012,2026-01-26,2026-01-26,LABOR,20.0,2400.0,2,-85.0,2315.0,INV-9033,2026-01-26T16:20:00Z
TXN-51354,PRJ-1031,2026-02-05,2026-02-06,EXPENSE,0.0,1836.0,2,-334.0,1502.0,INV-9087,2026-02-06T16:03:00Z
TXN-50772,PRJ-1018,2026-03-25,2026-03-25,LABOR,22.0,2640.0,0,0.0,0.0,,2026-03-25T17:20:00Z
TXN-50127,PRJ-1003,2026-03-14,2026-03-16,LABOR,14.0,1330.0,2,-175.0,1155.0,INV-9008,2026-03-16T13:50:00Z
TXN-51723,PRJ-1040,2026-03-24,2026-03-26,EXPENSE,0.0,726.0,0,0.0,0.0,,2026-03-26T18:50:00Z
TXN-51512,PRJ-1034,2026-01-19,2026-01-19,LABOR,12.0,1140.0,1,0.0,0.0,,2026-01-19T21:16:00Z
TXN-51500,PRJ-1034,2026-03-13,2026-03-13,LABOR,16.0,2400.0,0,0.0,0.0,,2026-03-13T15:01:00Z
TXN-51208,PRJ-1028,2026-01-03,2026-01-03,EXPENSE,0.0,466.0,0,0.0,0.0,,2026-01-03T21:00:00Z
TXN-50719,PRJ-1017,2026-03-08,2026-03-09,LABOR,16.0,4000.0,0,0.0,0.0,,2026-03-09T22:33:00Z
TXN-51669,PRJ-1039,2026-01-18,2026-01-20,EXPENSE,0.0,1713.0,2,-44.0,1669.0,INV-9107,2026-01-20T21:01:00Z
TXN-51617,PRJ-1037,2026-03-08,2026-03-10,EXPENSE,0.0,915.0,0,0.0,0.0,,2026-03-10T13:53:00Z
TXN-51719,PRJ-1040,2026-02-23,2026-02-24,LABOR,10.0,950.0,0,0.0,0.0,,2026-02-24T17:15:00Z
TXN-50809,PRJ-1019,2026-02-21,2026-02-21,LABOR,10.0,1200.0,2,49.0,1249.0,INV-9055,2026-02-21T15:45:00Z
TXN-51363,PRJ-1031,2026-02-23,2026-02-23,EXPENSE,0.0,1662.0,0,0.0,0.0,,2026-02-23T14:52:00Z
TXN-50235,PRJ-1006,2026-02-21,2026-02-21,LABOR,8.0,1680.0,2,92.0,1772.0,INV-9016,2026-02-21T20:12:00Z
TXN-51337,PRJ-1030,2026-03-16,2026-03-16,LABOR,22.0,2090.0,2,64.0,2154.0,INV-9085,2026-03-16T18:44:00Z
TXN-50318,PRJ-1008,2026-01-09,2026-01-10,LABOR,6.0,570.0,2,-102.0,468.0,INV-9021,2026-01-10T18:46:00Z
TXN-51743,PRJ-1040,2026-03-17,2026-03-18,LABOR,10.0,1200.0,2,9.0,1209.0,INV-9111,2026-03-18T20:18:00Z
TXN-50963,PRJ-1022,2026-03-24,2026-03-25,EXPENSE,0.0,1722.0,0,0.0,0.0,,2026-03-25T13:15:00Z
TXN-51167,PRJ-1027,2026-01-11,2026-01-12,LABOR,14.0,1680.0,0,0.0,0.0,,2026-01-12T22:39:00Z
TXN-50132,PRJ-1004,2026-01-27,2026-01-29,LABOR,10.0,1200.0,2,-126.0,1074.0,INV-9009,2026-01-29T16:11:00Z
TXN-51088,PRJ-1025,2026-02-06,2026-02-08,LABOR,20.0,5000.0,0,0.0,0.0,,2026-02-08T18:20:00Z
TXN-50138,PRJ-1004,2026-01-04,2026-01-06,LABOR,20.0,4200.0,2,42.0,4242.0,INV-9009,2026-01-06T19:20:00Z
TXN-51670,PRJ-1039,2026-01-17,2026-01-17,LABOR,16.0,1920.0,2,-9.0,1911.0,INV-9107,2026-01-17T13:28:00Z
TXN-50391,PRJ-1009,2026-03-11,2026-03-13,LABOR,14.0,1680.0,0,0.0,0.0,,2026-03-13T22:10:00Z
TXN-50225,PRJ-1006,2026-01-05,2026-01-07,LABOR,12.0,2520.0,0,0.0,0.0,,2026-01-07T20:27:00Z
TXN-51031,PRJ-1024,2026-02-19,2026-02-21,LABOR,18.0,2160.0,2,-152.0,2008.0,INV-9068,2026-02-21T15:50:00Z
TXN-51590,PRJ-1037,2026-01-16,2026-01-16,EXPENSE,0.0,1857.0,2,-71.0,1786.0,INV-9103,2026-01-16T22:48:00Z
TXN-51659,PRJ-1038,2026-03-18,2026-03-19,LABOR,12.0,2520.0,0,0.0,0.0,,2026-03-19T13:35:00Z
TXN-50063,PRJ-1002,2026-02-14,2026-02-14,LABOR,8.0,960.0,0,0.0,0.0,,2026-02-14T19:34:00Z
TXN-50955,PRJ-1022,2026-02-20,2026-02-20,LABOR,22.0,4620.0,0,0.0,0.0,,2026-02-20T13:12:00Z
TXN-50102,PRJ-1003,2026-02-24,2026-02-25,LABOR,18.0,2700.0,2,-401.0,2299.0,INV-9007,2026-02-25T13:22:00Z
TXN-50961,PRJ-1022,2026-03-16,2026-03-16,LABOR,4.0,600.0,0,0.0,0.0,,2026-03-16T21:13:00Z
TXN-51330,PRJ-1030,2026-03-16,2026-03-16,LABOR,14.0,3500.0,0,0.0,0.0,,2026-03-16T22:28:00Z
TXN-50301,PRJ-1007,2026-03-12,2026-03-12,EXPENSE,0.0,366.0,0,0.0,0.0,,2026-03-12T15:50:00Z
TXN-50946,PRJ-1022,2026-02-26,2026-02-28,LABOR,20.0,3500.0,2,-28.0,3472.0,INV-9063,2026-02-28T21:42:00Z
TXN-50261,PRJ-1007,2026-01-13,2026-01-15,LABOR,12.0,1800.0,2,12.0,1812.0,INV-9018,2026-01-15T18:15:00Z
TXN-51036,PRJ-1024,2026-02-12,2026-02-14,LABOR,16.0,1520.0,0,0.0,0.0,,2026-02-14T17:18:00Z
TXN-50303,PRJ-1007,2026-03-26,2026-03-27,LABOR,12.0,2520.0,0,0.0,0.0,,2026-03-27T18:09:00Z
TXN-50412,PRJ-1010,2026-01-11,2026-01-13,LABOR,18.0,2160.0,0,0.0,0.0,,2026-01-13T16:15:00Z
TXN-50520,PRJ-1012,2026-03-02,2026-03-04,LABOR,22.0,5500.0,2,187.0,5687.0,INV-9035,2026-03-04T13:05:00Z
TXN-50682,PRJ-1016,2026-03-13,2026-03-13,EXPENSE,0.0,119.0,0,0.0,0.0,,2026-03-13T13:48:00Z
TXN-50580,PRJ-1014,2026-02-24,2026-02-25,EXPENSE,0.0,2071.0,2,95.0,2166.0,INV-9040,2026-02-25T22:57:00Z
TXN-50288,PRJ-1007,2026-02-03,2026-02-04,LABOR,10.0,950.0,2,2.0,952.0,INV-9019,2026-02-04T22:23:00Z
TXN-50566,PRJ-1014,2026-01-14,2026-01-14,EXPENSE,0.0,1637.0,2,-197.0,1440.0,INV-9039,2026-01-14T18:41:00Z
TXN-51701,PRJ-1040,2026-01-27,2026-01-29,EXPENSE,0.0,2118.0,2,-110.0,2008.0,INV-9109,2026-01-29T15:58:00Z
TXN-51734,PRJ-1040,2026-03-22,2026-03-23,LABOR,6.0,1260.0,0,0.0,0.0,,2026-03-23T13:14:00Z
TXN-51443,PRJ-1033,2026-02-24,2026-02-24,LABOR,4.0,480.0,2,-46.0,434.0,INV-9093,2026-02-24T17:14:00Z
TXN-50503,PRJ-1012,2026-02-13,2026-02-15,EXPENSE,0.0,1349.0,2,-256.0,1093.0,INV-9034,2026-02-15T21:05:00Z
TXN-51586,PRJ-1036,2026-03-24,2026-03-25,LABOR,10.0,1500.0,0,0.0,0.0,,2026-03-25T19:56:00Z
TXN-51748,PRJ-1019,2026-03-12,2026-03-12,LABOR,14.0,2450.0,2,-410.0,2040.0,INV-9113,2026-03-12T15:02:00Z
TXN-50619,PRJ-1015,2026-02-12,2026-02-13,LABOR,20.0,3000.0,2,230.0,3230.0,INV-9043,2026-02-13T20:48:00Z
TXN-50562,PRJ-1013,2026-03-18,2026-03-19,LABOR,16.0,2800.0,2,191.0,2991.0,INV-9038,2026-03-19T13:54:00Z
TXN-50377,PRJ-1009,2026-02-22,2026-02-24,LABOR,8.0,1400.0,2,-206.0,1194.0,INV-9025,2026-02-24T16:47:00Z
TXN-50263,PRJ-1007,2026-01-12,2026-01-12,LABOR,16.0,3360.0,2,-560.0,2800.0,INV-9018,2026-01-12T20:05:00Z
TXN-51519,PRJ-1035,2026-01-25,2026-01-25,LABOR,8.0,1400.0,2,105.0,1505.0,INV-9098,2026-01-25T21:53:00Z
TXN-51447,PRJ-1033,2026-02-22,2026-02-22,EXPENSE,0.0,574.0,0,0.0,0.0,,2026-02-22T14:00:00Z
TXN-50483,PRJ-1012,2026-01-12,2026-01-13,LABOR,20.0,4200.0,2,83.0,4283.0,INV-9033,2026-01-13T22:29:00Z
TXN-50147,PRJ-1004,2026-02-24,2026-02-26,LABOR,8.0,1200.0,0,0.0,0.0,,2026-02-26T16:06:00Z
TXN-51628,PRJ-1038,2026-01-12,2026-01-14,LABOR,22.0,3850.0,2,274.0,4124.0,INV-9105,2026-01-14T16:23:00Z
TXN-50908,PRJ-1021,2026-02-21,2026-02-23,EXPENSE,0.0,1137.0,2,-158.0,979.0,INV-9061,2026-02-23T14:12:00Z
TXN-50054,PRJ-1002,2026-02-18,2026-02-20,LABOR,16.0,1520.0,2,49.0,1569.0,INV-9004,2026-02-20T15:47:00Z
TXN-51418,PRJ-1032,2026-03-10,2026-03-12,LABOR,20.0,2400.0,2,-343.0,2057.0,INV-9091,2026-03-12T16:17:00Z
TXN-51464,PRJ-1033,2026-03-17,2026-03-18,LABOR,18.0,2700.0,2,-345.0,2355.0,INV-9094,2026-03-18T17:33:00Z
TXN-50705,PRJ-1017,2026-02-02,2026-02-02,EXPENSE,0.0,1307.0,2,-167.0,1140.0,INV-9049,2026-02-02T21:29:00Z
TXN-50367,PRJ-1009,2026-01-22,2026-01-23,LABOR,8.0,760.0,2,-123.0,637.0,INV-9024,2026-01-23T15:01:00Z
TXN-50013,PRJ-1001,2026-02-15,2026-02-16,LABOR,8.0,760.0,2,-10.0,750.0,INV-9002,2026-02-16T19:28:00Z
TXN-50130,PRJ-1004,2026-01-19,2026-01-21,LABOR,12.0,3000.0,2,-107.0,2893.0,INV-9009,2026-01-21T14:51:00Z
TXN-50279,PRJ-1007,2026-02-21,2026-02-21,LABOR,12.0,2100.0,2,-348.0,1752.0,INV-9019,2026-02-21T14:51:00Z
TXN-51639,PRJ-1038,2026-02-24,2026-02-25,EXPENSE,0.0,801.0,2,-127.0,674.0,INV-9106,2026-02-25T18:03:00Z
TXN-51540,PRJ-1035,2026-03-03,2026-03-05,LABOR,12.0,2520.0,0,0.0,0.0,,2026-03-05T22:34:00Z
TXN-51170,PRJ-1027,2026-02-14,2026-02-16,EXPENSE,0.0,1521.0,2,62.0,1583.0,INV-9076,2026-02-16T21:24:00Z
TXN-51415,PRJ-1032,2026-03-23,2026-03-24,LABOR,6.0,1050.0,0,0.0,0.0,,2026-03-24T22:31:00Z
TXN-50320,PRJ-1008,2026-01-06,2026-01-08,EXPENSE,0.0,578.0,2,-80.0,498.0,INV-9021,2026-01-08T16:30:00Z
TXN-51399,PRJ-1032,2026-02-18,2026-02-20,EXPENSE,0.0,754.0,0,0.0,0.0,,2026-02-20T21:12:00Z
TXN-50209,PRJ-1005,2026-03-04,2026-03-06,LABOR,14.0,2940.0,2,-344.0,2596.0,INV-9014,2026-03-06T21:22:00Z
TXN-51709,PRJ-1040,2026-01-10,2026-01-12,LABOR,12.0,1800.0,0,0.0,0.0,,2026-01-12T13:01:00Z
TXN-50249,PRJ-1006,2026-03-06,2026-03-06,LABOR,12.0,3000.0,0,0.0,0.0,,2026-03-06T22:17:00Z
TXN-50417,PRJ-1010,2026-02-02,2026-02-02,LABOR,4.0,700.0,2,-41.0,659.0,INV-9028,2026-02-02T18:38:00Z
TXN-51220,PRJ-1028,2026-02-08,2026-02-10,LABOR,22.0,2640.0,0,0.0,0.0,,2026-02-10T13:33:00Z
TXN-51507,PRJ-1034,2026-03-12,2026-03-14,LABOR,10.0,1200.0,0,0.0,0.0,,2026-03-14T16:30:00Z
TXN-50457,PRJ-1011,2026-02-07,2026-02-07,EXPENSE,0.0,2464.0,2,-145.0,2319.0,INV-9031,2026-02-07T15:02:00Z
TXN-51718,PRJ-1040,2026-02-11,2026-02-11,LABOR,20.0,3000.0,2,-319.0,2681.0,INV-9110,2026-02-11T19:14:00Z
TXN-50373,PRJ-1009,2026-01-05,2026-01-07,EXPENSE,0.0,336.0,0,0.0,0.0,,2026-01-07T20:58:00Z
TXN-50039,PRJ-1001,2026-03-16,2026-03-17,EXPENSE,0.0,1193.0,0,0.0,0.0,,2026-03-17T21:57:00Z
TXN-50145,PRJ-1004,2026-02-13,2026-02-13,LABOR,8.0,1680.0,2,-322.0,1358.0,INV-9010,2026-02-13T20:24:00Z
TXN-51160,PRJ-1027,2026-01-26,2026-01-26,LABOR,10.0,1200.0,2,-161.0,1039.0,INV-9075,2026-01-26T22:48:00Z
TXN-50759,PRJ-1018,2026-02-24,2026-02-24,LABOR,20.0,2400.0,2,-209.0,2191.0,INV-9052,2026-02-24T19:20:00Z
TXN-50077,PRJ-1002,2026-03-17,2026-03-18,LABOR,4.0,700.0,0,0.0,0.0,,2026-03-18T13:31:00Z
TXN-50116,PRJ-1003,2026-03-05,2026-03-05,EXPENSE,0.0,254.0,0,0.0,0.0,,2026-03-05T21:03:00Z
TXN-50713,PRJ-1017,2026-02-19,2026-02-19,LABOR,8.0,1200.0,0,0.0,0.0,,2026-02-19T19:00:00Z
TXN-51685,PRJ-1039,2026-02-19,2026-02-21,LABOR,22.0,4620.0,2,-207.0,4413.0,INV-9108,2026-02-21T22:22:00Z
TXN-50342,PRJ-1008,2026-02-21,2026-02-21,LABOR,20.0,3000.0,0,0.0,0.0,,2026-02-21T21:16:00Z
TXN-50302,PRJ-1007,2026-03-03,2026-03-03,LABOR,18.0,4500.0,0,0.0,0.0,,2026-03-03T13:01:00Z
TXN-50465,PRJ-1011,2026-02-14,2026-02-15,LABOR,6.0,1260.0,0,0.0,0.0,,2026-02-15T20:20:00Z
TXN-51695,PRJ-1039,2026-03-10,2026-03-12,LABOR,16.0,1520.0,0,0.0,0.0,,2026-03-12T22:25:00Z
TXN-50581,PRJ-1014,2026-02-11,2026-02-11,EXPENSE,0.0,2259.0,2,-185.0,2074.0,INV-9040,2026-02-11T18:42:00Z
TXN-51630,PRJ-1038,2026-01-11,2026-01-11,LABOR,16.0,4000.0,2,-81.0,3919.0,INV-9105,2026-01-11T22:58:00Z
TXN-51594,PRJ-1037,2026-01-02,2026-01-02,LABOR,14.0,1330.0,2,-24.0,1306.0,INV-9103,2026-01-02T20:50:00Z
TXN-50215,PRJ-1005,2026-01-22,2026-01-22,LABOR,14.0,2100.0,1,0.0,0.0,,2026-01-22T18:23:00Z
TXN-50629,PRJ-1015,2026-02-18,2026-02-19,LABOR,8.0,1400.0,0,0.0,0.0,,2026-02-19T13:11:00Z
TXN-50339,PRJ-1008,2026-02-06,2026-02-08,LABOR,10.0,2100.0,0,0.0,0.0,,2026-02-08T14:23:00Z
TXN-50443,PRJ-1011,2026-01-10,2026-01-10,LABOR,18.0,3780.0,2,-454.0,3326.0,INV-9030,2026-01-10T18:20:00Z
TXN-51054,PRJ-1024,2026-03-09,2026-03-10,LABOR,4.0,480.0,0,0.0,0.0,,2026-03-10T17:46:00Z
TXN-50775,PRJ-1018,2026-03-14,2026-03-14,LABOR,14.0,3500.0,0,0.0,0.0,,2026-03-14T21:31:00Z
TXN-50598,PRJ-1014,2026-03-03,2026-03-05,EXPENSE,0.0,1280.0,0,0.0,0.0,,2026-03-05T21:10:00Z
TXN-51003,PRJ-1023,2026-03-18,2026-03-19,LABOR,16.0,3360.0,0,0.0,0.0,,2026-03-19T22:14:00Z
TXN-51599,PRJ-1037,2026-02-14,2026-02-15,EXPENSE,0.0,2006.0,2,-328.0,1678.0,INV-9104,2026-02-15T17:53:00Z
TXN-50424,PRJ-1010,2026-02-13,2026-02-15,EXPENSE,0.0,385.0,0,0.0,0.0,,2026-02-15T13:32:00Z
TXN-51134,PRJ-1026,2026-02-26,2026-02-26,EXPENSE,0.0,362.0,0,0.0,0.0,,2026-02-26T14:36:00Z
TXN-51231,PRJ-1028,2026-03-21,2026-03-21,EXPENSE,0.0,1685.0,0,0.0,0.0,,2026-03-21T18:00:00Z
TXN-50897,PRJ-1021,2026-01-15,2026-01-16,EXPENSE,0.0,2246.0,0,0.0,0.0,,2026-01-16T17:30:00Z
TXN-50309,PRJ-1007,2026-03-11,2026-03-12,LABOR,10.0,950.0,0,0.0,0.0,,2026-03-12T15:32:00Z
TXN-50811,PRJ-1019,2026-02-04,2026-02-05,LABOR,6.0,1260.0,2,-232.0,1028.0,INV-9055,2026-02-05T21:13:00Z
TXN-50584,PRJ-1014,2026-02-14,2026-02-15,EXPENSE,0.0,586.0,2,-85.0,501.0,INV-9040,2026-02-15T20:42:00Z
TXN-50117,PRJ-1003,2026-03-04,2026-03-04,LABOR,12.0,1440.0,0,0.0,0.0,,2026-03-04T20:18:00Z
TXN-51680,PRJ-1039,2026-02-02,2026-02-02,LABOR,16.0,4000.0,2,201.0,4201.0,INV-9108,2026-02-02T21:54:00Z
TXN-51703,PRJ-1040,2026-01-06,2026-01-06,LABOR,18.0,2700.0,2,210.0,2910.0,INV-9109,2026-01-06T22:39:00Z
TXN-51237,PRJ-1028,2026-03-18,2026-03-18,LABOR,22.0,5500.0,0,0.0,0.0,,2026-03-18T20:14:00Z
TXN-51532,PRJ-1035,2026-02-24,2026-02-25,EXPENSE,0.0,1071.0,0,0.0,0.0,,2026-02-25T16:46:00Z
TXN-50172,PRJ-1005,2026-01-04,2026-01-04,LABOR,20.0,1900.0,2,-321.0,1579.0,INV-9012,2026-01-04T20:37:00Z
TXN-50250,PRJ-1006,2026-03-27,2026-03-28,LABOR,4.0,700.0,0,0.0,0.0,,2026-03-28T20:14:00Z
TXN-50895,PRJ-1021,2026-01-12,2026-01-13,LABOR,18.0,3150.0,0,0.0,0.0,,2026-01-13T15:32:00Z
TXN-50652,PRJ-1016,2026-01-19,2026-01-21,LABOR,12.0,2520.0,2,-331.0,2189.0,INV-9045,2026-01-21T13:39:00Z
TXN-51297,PRJ-1030,2026-01-04,2026-01-06,LABOR,20.0,5000.0,2,-722.0,4278.0,INV-9083,2026-01-06T17:16:00Z
TXN-51055,PRJ-1024,2026-03-03,2026-03-03,LABOR,4.0,700.0,2,30.0,730.0,INV-9069,2026-03-03T19:55:00Z
TXN-50792,PRJ-1019,2026-01-24,2026-01-24,EXPENSE,0.0,1248.0,2,-142.0,1106.0,INV-9054,2026-01-24T14:45:00Z
TXN-50979,PRJ-1023,2026-01-22,2026-01-23,LABOR,14.0,3500.0,2,-332.0,3168.0,INV-9065,2026-01-23T16:52:00Z
TXN-51048,PRJ-1024,2026-03-03,2026-03-03,LABOR,12.0,2100.0,0,0.0,0.0,,2026-03-03T13:30:00Z
TXN-50645,PRJ-1015,2026-03-05,2026-03-06,EXPENSE,0.0,823.0,0,0.0,0.0,,2026-03-06T14:25:00Z
TXN-50154,PRJ-1004,2026-03-18,2026-03-20,LABOR,10.0,2500.0,0,0.0,0.0,,2026-03-20T22:57:00Z
TXN-50469,PRJ-1011,2026-03-13,2026-03-14,LABOR,4.0,1000.0,0,0.0,0.0,,2026-03-14T19:15:00Z
TXN-51071,PRJ-1025,2026-01-09,2026-01-10,LABOR,22.0,3300.0,0,0.0,0.0,,2026-01-10T21:47:00Z
TXN-51159,PRJ-1027,2026-01-10,2026-01-11,LABOR,12.0,1140.0,2,-75.0,1065.0,INV-9075,2026-01-11T20:26:00Z
TXN-50530,PRJ-1013,2026-01-02,2026-01-02,EXPENSE,0.0,1520.0,0,0.0,0.0,,2026-01-02T22:15:00Z
TXN-50129,PRJ-1004,2026-01-21,2026-01-22,LABOR,22.0,5500.0,2,-357.0,5143.0,INV-9009,2026-01-22T18:46:00Z
TXN-51247,PRJ-1029,2026-01-09,2026-01-11,LABOR,16.0,4000.0,2,-307.0,3693.0,INV-9080,2026-01-11T15:05:00Z
TXN-51124,PRJ-1026,2026-02-09,2026-02-10,LABOR,4.0,600.0,2,-74.0,526.0,INV-9074,2026-02-10T15:30:00Z
TXN-50818,PRJ-1019,2026-02-11,2026-02-12,LABOR,22.0,3300.0,0,0.0,0.0,,2026-02-12T16:41:00Z
TXN-51256,PRJ-1029,2026-01-22,2026-01-24,LABOR,18.0,3780.0,0,0.0,0.0,,2026-01-24T20:25:00Z
TXN-50437,PRJ-1010,2026-03-12,2026-03-13,LABOR,14.0,2450.0,2,-439.0,2011.0,INV-9029,2026-03-13T20:42:00Z
TXN-50685,PRJ-1016,2026-03-07,2026-03-07,LABOR,6.0,720.0,0,0.0,0.0,,2026-03-07T20:49:00Z
TXN-50041,PRJ-1002,2026-01-03,2026-01-03,EXPENSE,0.0,1132.0,2,56.0,1188.0,INV-9003,2026-01-03T13:44:00Z
TXN-51017,PRJ-1024,2026-01-04,2026-01-06,LABOR,12.0,2520.0,2,54.0,2574.0,INV-9067,2026-01-06T19:56:00Z
TXN-51538,PRJ-1035,2026-03-06,2026-03-08,LABOR,12.0,2100.0,0,0.0,0.0,,2026-03-08T18:20:00Z
TXN-51489,PRJ-1034,2026-02-25,2026-02-25,LABOR,12.0,3000.0,2,-497.0,2503.0,INV-9096,2026-02-25T16:27:00Z
TXN-51557,PRJ-1036,2026-01-15,2026-01-15,LABOR,20.0,5000.0,2,-925.0,4075.0,INV-9100,2026-01-15T21:15:00Z
TXN-50155,PRJ-1004,2026-03-21,2026-03-22,LABOR,14.0,2100.0,0,0.0,0.0,,2026-03-22T21:23:00Z
TXN-50296,PRJ-1007,2026-03-06,2026-03-07,LABOR,18.0,2160.0,0,0.0,0.0,,2026-03-07T18:14:00Z
TXN-50539,PRJ-1013,2026-02-10,2026-02-12,EXPENSE,0.0,1767.0,2,-63.0,1704.0,INV-9037,2026-02-12T14:39:00Z
TXN-50178,PRJ-1005,2026-02-10,2026-02-12,LABOR,4.0,840.0,2,-164.0,676.0,INV-9013,2026-02-12T16:42:00Z
TXN-50448,PRJ-1011,2026-01-19,2026-01-20,LABOR,10.0,1750.0,2,-297.0,1453.0,INV-9030,2026-01-20T17:00:00Z
TXN-50755,PRJ-1018,2026-02-24,2026-02-24,EXPENSE,0.0,1145.0,2,62.0,1207.0,INV-9052,2026-02-24T18:02:00Z
TXN-50124,PRJ-1003,2026-03-23,2026-03-25,LABOR,22.0,3850.0,2,-347.0,3503.0,INV-9008,2026-03-25T17:19:00Z
TXN-51422,PRJ-1032,2026-03-16,2026-03-17,LABOR,6.0,570.0,2,-18.0,552.0,INV-9091,2026-03-17T13:45:00Z
TXN-50125,PRJ-1003,2026-03-04,2026-03-06,LABOR,18.0,2700.0,2,-426.0,2274.0,INV-9008,2026-03-06T17:18:00Z
TXN-51654,PRJ-1038,2026-03-24,2026-03-26,LABOR,20.0,4200.0,0,0.0,0.0,,2026-03-26T14:43:00Z
TXN-51490,PRJ-1034,2026-02-25,2026-02-26,LABOR,12.0,2100.0,2,-64.0,2036.0,INV-9096,2026-02-26T17:09:00Z
TXN-50603,PRJ-1014,2026-03-08,2026-03-08,LABOR,8.0,760.0,0,0.0,0.0,,2026-03-08T21:57:00Z
TXN-50697,PRJ-1017,2026-01-17,2026-01-17,EXPENSE,0.0,250.0,2,8.0,258.0,INV-9048,2026-01-17T13:24:00Z
TXN-50420,PRJ-1010,2026-02-27,2026-02-28,LABOR,22.0,2640.0,0,0.0,0.0,,2026-02-28T14:10:00Z
TXN-51613,PRJ-1037,2026-03-19,2026-03-20,LABOR,10.0,1500.0,0,0.0,0.0,,2026-03-20T16:54:00Z
TXN-51379,PRJ-1032,2026-01-23,2026-01-25,LABOR,4.0,480.0,2,-92.0,388.0,INV-9089,2026-01-25T14:50:00Z
TXN-51481,PRJ-1034,2026-01-22,2026-01-24,LABOR,4.0,480.0,0,0.0,0.0,,2026-01-24T21:50:00Z
TXN-51733,PRJ-1040,2026-03-27,2026-03-27,LABOR,4.0,700.0,0,0.0,0.0,,2026-03-27T21:10:00Z
TXN-51369,PRJ-1031,2026-03-02,2026-03-02,LABOR,22.0,2090.0,0,0.0,0.0,,2026-03-02T18:55:00Z
TXN-50330,PRJ-1008,2026-02-03,2026-02-05,LABOR,14.0,2940.0,2,-546.0,2394.0,INV-9022,2026-02-05T19:35:00Z
TXN-51668,PRJ-1039,2026-01-03,2026-01-04,LABOR,14.0,1680.0,2,-127.0,1553.0,INV-9107,2026-01-04T22:31:00Z
TXN-51583,PRJ-1036,2026-03-13,2026-03-15,LABOR,8.0,1400.0,0,0.0,0.0,,2026-03-15T20:23:00Z
TXN-50638,PRJ-1015,2026-03-02,2026-03-03,LABOR,8.0,2000.0,0,0.0,0.0,,2026-03-03T15:07:00Z
TXN-51426,PRJ-1033,2026-01-13,2026-01-14,LABOR,22.0,5500.0,2,-407.0,5093.0,INV-9092,2026-01-14T14:19:00Z
TXN-51661,PRJ-1038,2026-03-06,2026-03-08,LABOR,18.0,2700.0,0,0.0,0.0,,2026-03-08T14:59:00Z
TXN-50781,PRJ-1018,2026-03-27,2026-03-27,EXPENSE,0.0,2430.0,0,0.0,0.0,,2026-03-27T21:45:00Z
TXN-51206,PRJ-1028,2026-01-23,2026-01-24,LABOR,10.0,2100.0,0,0.0,0.0,,2026-01-24T15:05:00Z
TXN-51253,PRJ-1029,2026-01-22,2026-01-22,LABOR,10.0,2100.0,2,-79.0,2021.0,INV-9080,2026-01-22T15:49:00Z
TXN-51112,PRJ-1026,2026-01-08,2026-01-09,LABOR,14.0,3500.0,2,-507.0,2993.0,INV-9073,2026-01-09T20:03:00Z
TXN-50853,PRJ-1020,2026-02-13,2026-02-13,LABOR,20.0,3500.0,2,-60.0,3440.0,INV-9058,2026-02-13T13:36:00Z
TXN-50654,PRJ-1016,2026-01-09,2026-01-11,LABOR,12.0,2100.0,2,143.0,2243.0,INV-9045,2026-01-11T20:38:00Z
TXN-50366,PRJ-1009,2026-01-06,2026-01-07,LABOR,12.0,1440.0,2,78.0,1518.0,INV-9024,2026-01-07T20:32:00Z
TXN-50825,PRJ-1019,2026-03-25,2026-03-27,EXPENSE,0.0,1002.0,0,0.0,0.0,,2026-03-27T20:24:00Z
TXN-50547,PRJ-1013,2026-03-26,2026-03-27,LABOR,18.0,2700.0,0,0.0,0.0,,2026-03-27T21:51:00Z
TXN-51132,PRJ-1026,2026-02-21,2026-02-23,LABOR,20.0,1900.0,2,-227.0,1673.0,INV-9074,2026-02-23T18:30:00Z
TXN-50486,PRJ-1012,2026-01-16,2026-01-17,LABOR,18.0,2700.0,2,77.0,2777.0,INV-9033,2026-01-17T18:00:00Z
TXN-50196,PRJ-1005,2026-03-22,2026-03-24,EXPENSE,0.0,1601.0,0,0.0,0.0,,2026-03-24T16:37:00Z
TXN-50549,PRJ-1013,2026-03-22,2026-03-22,LABOR,6.0,900.0,0,0.0,0.0,,2026-03-22T22:56:00Z
TXN-51103,PRJ-1025,2026-03-02,2026-03-02,LABOR,10.0,1750.0,2,-46.0,1704.0,INV-9072,2026-03-02T13:34:00Z
TXN-51269,PRJ-1029,2026-02-05,2026-02-05,LABOR,18.0,3780.0,0,0.0,0.0,,2026-02-05T16:03:00Z
TXN-51556,PRJ-1036,2026-01-24,2026-01-25,LABOR,18.0,1710.0,2,-55.0,1655.0,INV-9100,2026-01-25T22:11:00Z
TXN-51009,PRJ-1023,2026-03-11,2026-03-13,LABOR,4.0,600.0,0,0.0,0.0,,2026-03-13T22:41:00Z
TXN-50481,PRJ-1012,2026-01-25,2026-01-27,LABOR,12.0,2520.0,2,-209.0,2311.0,INV-9033,2026-01-27T18:28:00Z
TXN-50387,PRJ-1009,2026-02-15,2026-02-16,LABOR,18.0,3780.0,0,0.0,0.0,,2026-02-16T15:24:00Z
TXN-50258,PRJ-1006,2026-03-24,2026-03-26,LABOR,4.0,480.0,2,-87.0,393.0,INV-9017,2026-03-26T18:30:00Z
TXN-50770,PRJ-1018,2026-02-22,2026-02-24,LABOR,14.0,2100.0,0,0.0,0.0,,2026-02-24T20:33:00Z
TXN-50940,PRJ-1022,2026-02-19,2026-02-19,LABOR,10.0,2100.0,2,-381.0,1719.0,INV-9063,2026-02-19T18:10:00Z
TXN-50789,PRJ-1019,2026-01-16,2026-01-16,LABOR,10.0,1200.0,2,29.0,1229.0,INV-9054,2026-01-16T15:56:00Z
TXN-50663,PRJ-1016,2026-01-16,2026-01-18,LABOR,6.0,1050.0,2,32.0,1082.0,INV-9045,2026-01-18T20:08:00Z
TXN-50565,PRJ-1013,2026-03-13,2026-03-13,LABOR,22.0,2640.0,1,0.0,0.0,,2026-03-13T18:32:00Z
TXN-50726,PRJ-1017,2026-03-03,2026-03-03,LABOR,22.0,4620.0,0,0.0,0.0,,2026-03-03T16:57:00Z
TXN-51744,PRJ-1040,2026-03-10,2026-03-12,LABOR,20.0,4200.0,2,-135.0,4065.0,INV-9111,2026-03-12T13:40:00Z
TXN-50672,PRJ-1016,2026-02-18,2026-02-19,EXPENSE,0.0,994.0,2,-128.0,866.0,INV-9046,2026-02-19T13:22:00Z
TXN-50034,PRJ-1001,2026-03-08,2026-03-10,LABOR,10.0,2500.0,0,0.0,0.0,,2026-03-10T17:17:00Z
TXN-50081,PRJ-1002,2026-03-18,2026-03-18,LABOR,6.0,570.0,0,0.0,0.0,,2026-03-18T18:28:00Z
TXN-50829,PRJ-1019,2026-03-21,2026-03-22,EXPENSE,0.0,2345.0,0,0.0,0.0,,2026-03-22T17:34:00Z
TXN-51046,PRJ-1024,2026-03-13,2026-03-14,LABOR,6.0,900.0,0,0.0,0.0,,2026-03-14T20:27:00Z
TXN-51323,PRJ-1030,2026-02-12,2026-02-14,LABOR,20.0,1900.0,0,0.0,0.0,,2026-02-14T13:09:00Z
TXN-50444,PRJ-1011,2026-01-02,2026-01-04,LABOR,10.0,2500.0,2,-188.0,2312.0,INV-9030,2026-01-04T21:57:00Z
TXN-50066,PRJ-1002,2026-02-26,2026-02-28,EXPENSE,0.0,319.0,0,0.0,0.0,,2026-02-28T21:54:00Z
TXN-50871,PRJ-1020,2026-03-10,2026-03-10,LABOR,22.0,2640.0,0,0.0,0.0,,2026-03-10T18:14:00Z
TXN-51438,PRJ-1033,2026-02-22,2026-02-23,LABOR,18.0,4500.0,2,-184.0,4316.0,INV-9093,2026-02-23T18:06:00Z
TXN-50059,PRJ-1002,2026-02-10,2026-02-10,LABOR,22.0,5500.0,2,-845.0,4655.0,INV-9004,2026-02-10T14:17:00Z
TXN-51081,PRJ-1025,2026-02-15,2026-02-15,LABOR,8.0,1400.0,2,-76.0,1324.0,INV-9071,2026-02-15T15:33:00Z
TXN-50571,PRJ-1014,2026-01-18,2026-01-18,EXPENSE,0.0,1766.0,2,-293.0,1473.0,INV-9039,2026-01-18T14:55:00Z
TXN-51365,PRJ-1031,2026-03-14,2026-03-15,LABOR,16.0,2800.0,0,0.0,0.0,,2026-03-15T16:46:00Z
TXN-50089,PRJ-1003,2026-01-24,2026-01-26,LABOR,16.0,2400.0,2,-19.0,2381.0,INV-9006,2026-01-26T18:32:00Z
TXN-51641,PRJ-1038,2026-02-11,2026-02-12,LABOR,22.0,3850.0,2,81.0,3931.0,INV-9106,2026-02-12T14:25:00Z
TXN-51154,PRJ-1027,2026-01-08,2026-01-09,EXPENSE,0.0,584.0,2,-75.0,509.0,INV-9075,2026-01-09T18:41:00Z
TXN-50960,PRJ-1022,2026-03-16,2026-03-16,LABOR,16.0,3360.0,0,0.0,0.0,,2026-03-16T15:53:00Z
TXN-50255,PRJ-1006,2026-03-06,2026-03-07,LABOR,10.0,2100.0,2,-212.0,1888.0,INV-9017,2026-03-07T16:47:00Z
TXN-50938,PRJ-1022,2026-01-02,2026-01-04,LABOR,10.0,2100.0,0,0.0,0.0,,2026-01-04T15:33:00Z
TXN-51014,PRJ-1024,2026-01-24,2026-01-26,LABOR,14.0,2450.0,2,28.0,2478.0,INV-9067,2026-01-26T15:02:00Z
TXN-50597,PRJ-1014,2026-03-08,2026-03-09,EXPENSE,0.0,1316.0,0,0.0,0.0,,2026-03-09T16:22:00Z
TXN-50018,PRJ-1001,2026-02-12,2026-02-13,LABOR,20.0,3000.0,2,-524.0,2476.0,INV-9002,2026-02-13T13:46:00Z
TXN-50725,PRJ-1017,2026-03-06,2026-03-08,LABOR,4.0,600.0,0,0.0,0.0,,2026-03-08T21:20:00Z
TXN-51432,PRJ-1033,2026-01-18,2026-01-20,EXPENSE,0.0,2142.0,0,0.0,0.0,,2026-01-20T15:01:00Z
TXN-51767,PRJ-1029,2026-03-30,2026-04-02,LABOR,20.0,3500.0,0,0.0,0.0,,2026-04-02T22:23:00Z
TXN-51149,PRJ-1026,2026-03-23,2026-03-25,LABOR,4.0,1000.0,0,0.0,0.0,,2026-03-25T13:14:00Z
TXN-50100,PRJ-1003,2026-02-06,2026-02-08,LABOR,18.0,1710.0,2,-2.0,1708.0,INV-9007,2026-02-08T15:31:00Z
TXN-51684,PRJ-1039,2026-02-15,2026-02-17,LABOR,18.0,1710.0,2,-166.0,1544.0,INV-9108,2026-02-17T14:15:00Z
TXN-50364,PRJ-1009,2026-01-27,2026-01-27,LABOR,12.0,1440.0,2,-189.0,1251.0,INV-9024,2026-01-27T22:59:00Z
TXN-50852,PRJ-1020,2026-01-09,2026-01-09,LABOR,12.0,3000.0,0,0.0,0.0,,2026-01-09T13:45:00Z
TXN-50617,PRJ-1015,2026-01-14,2026-01-14,LABOR,4.0,700.0,0,0.0,0.0,,2026-01-14T15:21:00Z
TXN-50037,PRJ-1001,2026-03-08,2026-03-09,LABOR,22.0,4620.0,0,0.0,0.0,,2026-03-09T16:06:00Z
TXN-50097,PRJ-1003,2026-02-24,2026-02-24,EXPENSE,0.0,218.0,2,13.0,231.0,INV-9007,2026-02-24T14:46:00Z
TXN-50924,PRJ-1021,2026-03-14,2026-03-16,LABOR,14.0,2100.0,0,0.0,0.0,,2026-03-16T22:02:00Z
TXN-50710,PRJ-1017,2026-02-21,2026-02-22,EXPENSE,0.0,2132.0,0,0.0,0.0,,2026-02-22T17:05:00Z
TXN-50925,PRJ-1021,2026-03-03,2026-03-05,LABOR,12.0,2100.0,0,0.0,0.0,,2026-03-05T18:38:00Z
TXN-50135,PRJ-1004,2026-01-27,2026-01-29,LABOR,16.0,4000.0,2,212.0,4212.0,INV-9009,2026-01-29T20:30:00Z
TXN-50790,PRJ-1019,2026-01-14,2026-01-15,LABOR,22.0,3300.0,2,-3.0,3297.0,INV-9054,2026-01-15T18:36:00Z
TXN-51609,PRJ-1037,2026-03-24,2026-03-26,LABOR,14.0,2100.0,0,0.0,0.0,,2026-03-26T20:40:00Z
TXN-50616,PRJ-1015,2026-01-19,2026-01-20,LABOR,6.0,720.0,0,0.0,0.0,,2026-01-20T18:08:00Z
TXN-51689,PRJ-1039,2026-03-12,2026-03-13,EXPENSE,0.0,1531.0,0,0.0,0.0,,2026-03-13T14:59:00Z
TXN-50848,PRJ-1020,2026-01-13,2026-01-13,LABOR,8.0,1680.0,2,26.0,1706.0,INV-9057,2026-01-13T21:25:00Z
TXN-51518,PRJ-1035,2026-01-21,2026-01-22,LABOR,6.0,720.0,2,52.0,772.0,INV-9098,2026-01-22T15:24:00Z
TXN-50499,PRJ-1012,2026-02-09,2026-02-10,EXPENSE,0.0,804.0,2,44.0,848.0,INV-9034,2026-02-10T18:54:00Z
TXN-51260,PRJ-1029,2026-02-07,2026-02-08,EXPENSE,0.0,1484.0,2,-57.0,1427.0,INV-9081,2026-02-08T14:17:00Z
TXN-50295,PRJ-1007,2026-02-24,2026-02-26,LABOR,20.0,3500.0,0,0.0,0.0,,2026-02-26T13:16:00Z
TXN-51317,PRJ-1030,2026-02-03,2026-02-03,LABOR,22.0,5500.0,2,-716.0,4784.0,INV-9084,2026-02-03T16:05:00Z
TXN-50224,PRJ-1006,2026-01-03,2026-01-04,LABOR,12.0,1800.0,2,-41.0,1759.0,INV-9015,2026-01-04T14:29:00Z
TXN-50996,PRJ-1023,2026-02-09,2026-02-09,LABOR,18.0,3780.0,2,-191.0,3589.0,INV-9066,2026-02-09T15:59:00Z
TXN-51213,PRJ-1028,2026-02-04,2026-02-06,LABOR,18.0,2160.0,2,50.0,2210.0,INV-9078,2026-02-06T21:27:00Z
TXN-50615,PRJ-1015,2026-01-25,2026-01-25,EXPENSE,0.0,198.0,0,0.0,0.0,,2026-01-25T19:21:00Z
TXN-50401,PRJ-1010,2026-01-06,2026-01-07,LABOR,10.0,2100.0,2,-23.0,2077.0,INV-9027,2026-01-07T18:40:00Z
TXN-51236,PRJ-1028,2026-03-19,2026-03-19,EXPENSE,0.0,441.0,0,0.0,0.0,,2026-03-19T15:21:00Z
TXN-51640,PRJ-1038,2026-02-04,2026-02-06,LABOR,22.0,3300.0,2,-331.0,2969.0,INV-9106,2026-02-06T16:36:00Z
TXN-50513,PRJ-1012,2026-03-06,2026-03-08,LABOR,10.0,1200.0,0,0.0,0.0,,2026-03-08T14:06:00Z
TXN-50834,PRJ-1019,2026-03-21,2026-03-21,LABOR,20.0,1900.0,0,0.0,0.0,,2026-03-21T20:30:00Z
TXN-51340,PRJ-1031,2026-01-06,2026-01-07,LABOR,10.0,1200.0,2,-233.0,967.0,INV-9086,2026-01-07T14:54:00Z
TXN-51224,PRJ-1028,2026-03-04,2026-03-05,LABOR,10.0,950.0,0,0.0,0.0,,2026-03-05T15:58:00Z
TXN-50024,PRJ-1001,2026-03-13,2026-03-15,LABOR,8.0,1200.0,0,0.0,0.0,,2026-03-15T22:07:00Z
TXN-50801,PRJ-1019,2026-01-07,2026-01-07,LABOR,8.0,1200.0,0,0.0,0.0,,2026-01-07T16:31:00Z
TXN-50200,PRJ-1005,2026-03-19,2026-03-19,EXPENSE,0.0,901.0,0,0.0,0.0,,2026-03-19T20:14:00Z
TXN-50306,PRJ-1007,2026-03-16,2026-03-16,LABOR,6.0,570.0,0,0.0,0.0,,2026-03-16T18:56:00Z
TXN-50246,PRJ-1006,2026-03-16,2026-03-16,LABOR,4.0,600.0,0,0.0,0.0,,2026-03-16T17:47:00Z
TXN-51114,PRJ-1026,2026-01-25,2026-01-26,EXPENSE,0.0,2112.0,2,-50.0,2062.0,INV-9073,2026-01-26T16:38:00Z
TXN-50468,PRJ-1011,2026-03-15,2026-03-15,LABOR,20.0,3500.0,0,0.0,0.0,,2026-03-15T20:10:00Z
TXN-50021,PRJ-1001,2026-02-19,2026-02-20,LABOR,22.0,2090.0,0,0.0,0.0,,2026-02-20T16:07:00Z
TXN-50378,PRJ-1009,2026-02-13,2026-02-15,LABOR,20.0,5000.0,2,378.0,5378.0,INV-9025,2026-02-15T16:21:00Z
TXN-51050,PRJ-1024,2026-03-27,2026-03-28,LABOR,18.0,2700.0,0,0.0,0.0,,2026-03-28T20:48:00Z
TXN-51147,PRJ-1026,2026-03-18,2026-03-18,LABOR,18.0,2160.0,0,0.0,0.0,,2026-03-18T20:14:00Z
TXN-50404,PRJ-1010,2026-01-02,2026-01-04,LABOR,14.0,2100.0,2,-56.0,2044.0,INV-9027,2026-01-04T20:55:00Z
TXN-50226,PRJ-1006,2026-01-09,2026-01-10,LABOR,4.0,600.0,0,0.0,0.0,,2026-01-10T19:57:00Z
TXN-50650,PRJ-1015,2026-03-05,2026-03-07,LABOR,6.0,1050.0,2,-9.0,1041.0,INV-9044,2026-03-07T17:35:00Z
TXN-51766,PRJ-1021,2026-03-31,2026-04-03,LABOR,12.0,2100.0,0,0.0,0.0,,2026-04-03T16:21:00Z
TXN-51400,PRJ-1032,2026-02-26,2026-02-27,LABOR,16.0,1520.0,0,0.0,0.0,,2026-02-27T16:43:00Z
TXN-51035,PRJ-1024,2026-02-17,2026-02-17,EXPENSE,0.0,1068.0,0,0.0,0.0,,2026-02-17T22:20:00Z
TXN-51072,PRJ-1025,2026-01-22,2026-01-24,LABOR,4.0,480.0,0,0.0,0.0,,2026-01-24T13:40:00Z
TXN-51466,PRJ-1033,2026-03-21,2026-03-23,LABOR,10.0,2100.0,2,168.0,2268.0,INV-9094,2026-03-23T20:20:00Z
TXN-50604,PRJ-1014,2026-03-15,2026-03-17,LABOR,12.0,2100.0,2,-119.0,1981.0,INV-9041,2026-03-17T22:48:00Z
TXN-50454,PRJ-1011,2026-02-27,2026-02-28,LABOR,4.0,1000.0,2,-159.0,841.0,INV-9031,2026-02-28T18:47:00Z
TXN-51325,PRJ-1030,2026-02-03,2026-02-05,LABOR,10.0,1750.0,0,0.0,0.0,,2026-02-05T19:47:00Z
TXN-51501,PRJ-1034,2026-03-22,2026-03-23,LABOR,22.0,5500.0,0,0.0,0.0,,2026-03-23T13:21:00Z
TXN-51729,PRJ-1040,2026-03-26,2026-03-26,LABOR,16.0,2400.0,0,0.0,0.0,,2026-03-26T15:25:00Z
TXN-51364,PRJ-1031,2026-02-06,2026-02-06,LABOR,12.0,2520.0,0,0.0,0.0,,2026-02-06T14:46:00Z
TXN-50214,PRJ-1005,2026-01-08,2026-01-08,EXPENSE,0.0,470.0,1,0.0,0.0,,2026-01-08T13:53:00Z
TXN-51574,PRJ-1036,2026-03-23,2026-03-24,LABOR,18.0,4500.0,0,0.0,0.0,,2026-03-24T19:43:00Z
TXN-50363,PRJ-1009,2026-01-13,2026-01-14,EXPENSE,0.0,1353.0,2,-9.0,1344.0,INV-9024,2026-01-14T19:08:00Z
TXN-50690,PRJ-1016,2026-03-03,2026-03-05,LABOR,18.0,3150.0,2,-465.0,2685.0,INV-9047,2026-03-05T13:56:00Z
TXN-50978,PRJ-1022,2026-03-22,2026-03-24,LABOR,18.0,3150.0,1,0.0,0.0,,2026-03-24T13:35:00Z
TXN-50560,PRJ-1013,2026-03-12,2026-03-13,LABOR,18.0,3150.0,2,175.0,3325.0,INV-9038,2026-03-13T17:09:00Z
TXN-51463,PRJ-1033,2026-03-26,2026-03-28,EXPENSE,0.0,113.0,2,3.0,116.0,INV-9094,2026-03-28T22:56:00Z
TXN-51588,PRJ-1036,2026-03-22,2026-03-22,LABOR,10.0,2100.0,2,30.0,2130.0,INV-9102,2026-03-22T17:05:00Z
TXN-50535,PRJ-1013,2026-02-25,2026-02-26,LABOR,10.0,1200.0,2,-63.0,1137.0,INV-9037,2026-02-26T14:04:00Z
TXN-50782,PRJ-1018,2026-03-25,2026-03-26,LABOR,4.0,700.0,0,0.0,0.0,,2026-03-26T21:45:00Z
TXN-51294,PRJ-1029,2026-03-12,2026-03-13,EXPENSE,0.0,1764.0,2,3.0,1767.0,INV-9082,2026-03-13T14:10:00Z
TXN-51349,PRJ-1031,2026-01-13,2026-01-13,LABOR,6.0,1260.0,0,0.0,0.0,,2026-01-13T14:31:00Z
TXN-50237,PRJ-1006,2026-02-10,2026-02-11,LABOR,18.0,4500.0,2,-396.0,4104.0,INV-9016,2026-02-11T17:41:00Z
TXN-51636,PRJ-1038,2026-01-19,2026-01-20,EXPENSE,0.0,1239.0,0,0.0,0.0,,2026-01-20T20:53:00Z
TXN-51052,PRJ-1024,2026-03-12,2026-03-14,LABOR,16.0,1920.0,0,0.0,0.0,,2026-03-14T21:54:00Z
TXN-50797,PRJ-1019,2026-01-03,2026-01-03,EXPENSE,0.0,1216.0,2,-228.0,988.0,INV-9054,2026-01-03T13:28:00Z
TXN-51504,PRJ-1034,2026-03-19,2026-03-19,LABOR,4.0,840.0,0,0.0,0.0,,2026-03-19T16:28:00Z
TXN-50679,PRJ-1016,2026-03-23,2026-03-23,LABOR,8.0,1400.0,0,0.0,0.0,,2026-03-23T21:26:00Z
TXN-50984,PRJ-1023,2026-01-08,2026-01-08,LABOR,4.0,840.0,2,28.0,868.0,INV-9065,2026-01-08T22:06:00Z
TXN-50579,PRJ-1014,2026-02-14,2026-02-14,LABOR,18.0,1710.0,2,-247.0,1463.0,INV-9040,2026-02-14T17:22:00Z
TXN-51688,PRJ-1039,2026-03-18,2026-03-20,LABOR,20.0,3500.0,0,0.0,0.0,,2026-03-20T20:30:00Z
TXN-51573,PRJ-1036,2026-03-12,2026-03-12,EXPENSE,0.0,1917.0,0,0.0,0.0,,2026-03-12T21:15:00Z
TXN-50855,PRJ-1020,2026-02-03,2026-02-03,LABOR,14.0,1680.0,2,-163.0,1517.0,INV-9058,2026-02-03T21:23:00Z
TXN-50368,PRJ-1009,2026-01-15,2026-01-16,LABOR,12.0,3000.0,0,0.0,0.0,,2026-01-16T19:23:00Z
TXN-50804,PRJ-1019,2026-02-08,2026-02-08,LABOR,6.0,1500.0,2,-19.0,1481.0,INV-9055,2026-02-08T16:33:00Z
TXN-50667,PRJ-1016,2026-02-12,2026-02-14,LABOR,14.0,1330.0,2,-236.0,1094.0,INV-9046,2026-02-14T20:45:00Z
TXN-50300,PRJ-1007,2026-03-27,2026-03-29,LABOR,16.0,4000.0,0,0.0,0.0,,2026-03-29T16:07:00Z
TXN-50049,PRJ-1002,2026-01-02,2026-01-04,LABOR,20.0,1900.0,2,-314.0,1586.0,INV-9003,2026-01-04T18:55:00Z
TXN-50669,PRJ-1016,2026-02-09,2026-02-11,EXPENSE,0.0,1795.0,2,-313.0,1482.0,INV-9046,2026-02-11T18:19:00Z
TXN-50148,PRJ-1004,2026-02-09,2026-02-10,LABOR,20.0,4200.0,0,0.0,0.0,,2026-02-10T13:40:00Z
TXN-51578,PRJ-1036,2026-03-10,2026-03-10,LABOR,8.0,2000.0,0,0.0,0.0,,2026-03-10T16:48:00Z
TXN-51216,PRJ-1028,2026-02-13,2026-02-14,EXPENSE,0.0,1466.0,2,-283.0,1183.0,INV-9078,2026-02-14T13:00:00Z
TXN-50379,PRJ-1009,2026-02-11,2026-02-12,LABOR,4.0,1000.0,2,-174.0,826.0,INV-9025,2026-02-12T18:24:00Z
TXN-50625,PRJ-1015,2026-02-04,2026-02-06,LABOR,16.0,3360.0,2,-621.0,2739.0,INV-9043,2026-02-06T21:57:00Z
TXN-50194,PRJ-1005,2026-03-24,2026-03-26,LABOR,18.0,1710.0,0,0.0,0.0,,2026-03-26T15:25:00Z
TXN-50758,PRJ-1018,2026-02-09,2026-02-10,LABOR,8.0,760.0,2,-140.0,620.0,INV-9052,2026-02-10T20:03:00Z
TXN-50543,PRJ-1013,2026-02-06,2026-02-07,EXPENSE,0.0,2012.0,0,0.0,0.0,,2026-02-07T19:56:00Z
TXN-50516,PRJ-1012,2026-03-12,2026-03-14,LABOR,6.0,720.0,0,0.0,0.0,,2026-03-14T14:34:00Z
TXN-50649,PRJ-1015,2026-03-24,2026-03-24,LABOR,18.0,4500.0,2,-891.0,3609.0,INV-9044,2026-03-24T21:09:00Z
TXN-50899,PRJ-1021,2026-02-08,2026-02-09,LABOR,8.0,760.0,2,50.0,810.0,INV-9061,2026-02-09T20:10:00Z
TXN-50858,PRJ-1020,2026-02-07,2026-02-09,LABOR,8.0,1400.0,2,-179.0,1221.0,INV-9058,2026-02-09T14:37:00Z
TXN-51082,PRJ-1025,2026-02-22,2026-02-22,LABOR,10.0,1500.0,2,-147.0,1353.0,INV-9071,2026-02-22T18:08:00Z
TXN-51614,PRJ-1037,2026-03-25,2026-03-27,LABOR,18.0,4500.0,0,0.0,0.0,,2026-03-27T17:49:00Z
TXN-50440,PRJ-1010,2026-03-14,2026-03-15,LABOR,22.0,2090.0,2,85.0,2175.0,INV-9029,2026-03-15T15:39:00Z
TXN-50078,PRJ-1002,2026-03-26,2026-03-28,EXPENSE,0.0,412.0,0,0.0,0.0,,2026-03-28T14:48:00Z
TXN-50332,PRJ-1008,2026-02-22,2026-02-24,LABOR,18.0,3780.0,2,-303.0,3477.0,INV-9022,2026-02-24T17:38:00Z
TXN-50982,PRJ-1023,2026-01-02,2026-01-04,LABOR,14.0,2450.0,2,-69.0,2381.0,INV-9065,2026-01-04T14:14:00Z
TXN-50962,PRJ-1022,2026-03-25,2026-03-27,EXPENSE,0.0,326.0,0,0.0,0.0,,2026-03-27T16:04:00Z
TXN-51486,PRJ-1034,2026-02-02,2026-02-04,EXPENSE,0.0,935.0,2,-63.0,872.0,INV-9096,2026-02-04T18:35:00Z
TXN-50586,PRJ-1014,2026-02-23,2026-02-25,LABOR,22.0,4620.0,0,0.0,0.0,,2026-02-25T13:39:00Z
TXN-51062,PRJ-1025,2026-01-18,2026-01-20,EXPENSE,0.0,611.0,2,43.0,654.0,INV-9070,2026-01-20T18:57:00Z
TXN-51505,PRJ-1034,2026-03-14,2026-03-16,LABOR,4.0,600.0,0,0.0,0.0,,2026-03-16T13:34:00Z
TXN-50537,PRJ-1013,2026-02-05,2026-02-07,LABOR,6.0,570.0,2,-4.0,566.0,INV-9037,2026-02-07T21:37:00Z
TXN-50896,PRJ-1021,2026-01-23,2026-01-23,LABOR,16.0,1920.0,0,0.0,0.0,,2026-01-23T21:50:00Z
TXN-51377,PRJ-1031,2026-03-14,2026-03-16,LABOR,4.0,600.0,2,-95.0,505.0,INV-9088,2026-03-16T20:58:00Z
TXN-50529,PRJ-1013,2026-01-10,2026-01-12,LABOR,20.0,3500.0,2,41.0,3541.0,INV-9036,2026-01-12T21:21:00Z
TXN-51754,PRJ-1033,2026-03-08,2026-03-08,LABOR,16.0,3360.0,2,-1680.0,1680.0,INV-9117,2026-03-08T22:15:00Z
TXN-50141,PRJ-1004,2026-02-22,2026-02-23,LABOR,4.0,700.0,2,41.0,741.0,INV-9010,2026-02-23T21:26:00Z
TXN-51751,PRJ-1035,2026-03-16,2026-03-16,LABOR,14.0,2450.0,2,-281.0,2169.0,INV-9114,2026-03-16T13:50:00Z
TXN-51128,PRJ-1026,2026-02-04,2026-02-05,EXPENSE,0.0,2467.0,2,154.0,2621.0,INV-9074,2026-02-05T17:49:00Z
TXN-51194,PRJ-1027,2026-02-17,2026-02-17,LABOR,16.0,1920.0,1,0.0,0.0,,2026-02-17T15:44:00Z
TXN-50915,PRJ-1021,2026-03-14,2026-03-16,EXPENSE,0.0,2381.0,0,0.0,0.0,,2026-03-16T18:53:00Z
TXN-50613,PRJ-1015,2026-01-04,2026-01-05,LABOR,10.0,1750.0,2,-132.0,1618.0,INV-9042,2026-01-05T22:05:00Z
TXN-50163,PRJ-1004,2026-03-26,2026-03-28,LABOR,14.0,1330.0,0,0.0,0.0,,2026-03-28T13:56:00Z
TXN-50114,PRJ-1003,2026-03-05,2026-03-07,LABOR,18.0,3150.0,0,0.0,0.0,,2026-03-07T15:47:00Z
TXN-51289,PRJ-1029,2026-03-18,2026-03-19,EXPENSE,0.0,1336.0,0,0.0,0.0,,2026-03-19T18:39:00Z
TXN-50904,PRJ-1021,2026-02-12,2026-02-13,LABOR,22.0,2640.0,2,-507.0,2133.0,INV-9061,2026-02-13T21:24:00Z
TXN-51143,PRJ-1026,2026-03-25,2026-03-27,LABOR,8.0,760.0,0,0.0,0.0,,2026-03-27T13:58:00Z
TXN-51477,PRJ-1034,2026-01-03,2026-01-03,EXPENSE,0.0,142.0,2,-16.0,126.0,INV-9095,2026-01-03T20:39:00Z
TXN-50611,PRJ-1015,2026-01-04,2026-01-04,EXPENSE,0.0,1061.0,2,46.0,1107.0,INV-9042,2026-01-04T20:30:00Z
TXN-51127,PRJ-1026,2026-02-23,2026-02-23,LABOR,12.0,1800.0,2,-334.0,1466.0,INV-9074,2026-02-23T21:55:00Z
TXN-50531,PRJ-1013,2026-01-12,2026-01-12,LABOR,10.0,1750.0,0,0.0,0.0,,2026-01-12T19:35:00Z
TXN-51435,PRJ-1033,2026-02-27,2026-02-28,LABOR,4.0,840.0,2,-48.0,792.0,INV-9093,2026-02-28T13:42:00Z
TXN-51496,PRJ-1034,2026-02-24,2026-02-24,LABOR,18.0,3150.0,0,0.0,0.0,,2026-02-24T22:08:00Z
TXN-50455,PRJ-1011,2026-02-10,2026-02-10,LABOR,22.0,2090.0,2,75.0,2165.0,INV-9031,2026-02-10T17:30:00Z
TXN-50431,PRJ-1010,2026-03-04,2026-03-06,LABOR,12.0,2520.0,0,0.0,0.0,,2026-03-06T15:10:00Z
TXN-51079,PRJ-1025,2026-02-25,2026-02-25,EXPENSE,0.0,736.0,2,-11.0,725.0,INV-9071,2026-02-25T22:06:00Z
TXN-50477,PRJ-1011,2026-03-26,2026-03-27,EXPENSE,0.0,308.0,2,5.0,313.0,INV-9032,2026-03-27T13:05:00Z
TXN-51645,PRJ-1038,2026-02-11,2026-02-11,LABOR,18.0,3150.0,2,-152.0,2998.0,INV-9106,2026-02-11T21:00:00Z
TXN-50626,PRJ-1015,2026-02-27,2026-02-28,LABOR,18.0,2160.0,0,0.0,0.0,,2026-02-28T15:49:00Z
TXN-50764,PRJ-1018,2026-02-24,2026-02-24,LABOR,10.0,2100.0,2,-227.0,1873.0,INV-9052,2026-02-24T20:56:00Z
TXN-51707,PRJ-1040,2026-01-07,2026-01-09,EXPENSE,0.0,1004.0,2,-13.0,991.0,INV-9109,2026-01-09T22:33:00Z
TXN-50006,PRJ-1001,2026-01-25,2026-01-27,LABOR,18.0,2700.0,2,-507.0,2193.0,INV-9001,2026-01-27T17:32:00Z
TXN-51610,PRJ-1037,2026-03-23,2026-03-23,EXPENSE,0.0,1206.0,0,0.0,0.0,,2026-03-23T14:52:00Z
TXN-50421,PRJ-1010,2026-02-08,2026-02-09,LABOR,16.0,1520.0,0,0.0,0.0,,2026-02-09T13:03:00Z
TXN-50612,PRJ-1015,2026-01-20,2026-01-21,LABOR,16.0,2400.0,2,138.0,2538.0,INV-9042,2026-01-21T19:36:00Z
TXN-51417,PRJ-1032,2026-03-13,2026-03-13,LABOR,8.0,760.0,0,0.0,0.0,,2026-03-13T20:27:00Z
TXN-50370,PRJ-1009,2026-01-06,2026-01-06,EXPENSE,0.0,1566.0,0,0.0,0.0,,2026-01-06T21:14:00Z
TXN-50676,PRJ-1016,2026-03-13,2026-03-13,EXPENSE,0.0,1634.0,0,0.0,0.0,,2026-03-13T20:14:00Z
TXN-50273,PRJ-1007,2026-01-23,2026-01-24,EXPENSE,0.0,1228.0,0,0.0,0.0,,2026-01-24T13:20:00Z
TXN-50103,PRJ-1003,2026-02-27,2026-02-28,EXPENSE,0.0,1189.0,2,-26.0,1163.0,INV-9007,2026-02-28T21:34:00Z
TXN-50276,PRJ-1007,2026-01-06,2026-01-06,EXPENSE,0.0,405.0,0,0.0,0.0,,2026-01-06T14:19:00Z
TXN-50270,PRJ-1007,2026-01-16,2026-01-16,LABOR,10.0,950.0,2,-106.0,844.0,INV-9018,2026-01-16T18:27:00Z
TXN-50354,PRJ-1008,2026-03-23,2026-03-24,EXPENSE,0.0,1125.0,0,0.0,0.0,,2026-03-24T16:59:00Z
TXN-50326,PRJ-1008,2026-01-18,2026-01-18,LABOR,6.0,1260.0,0,0.0,0.0,,2026-01-18T14:26:00Z
TXN-51013,PRJ-1024,2026-01-12,2026-01-12,LABOR,16.0,4000.0,2,-528.0,3472.0,INV-9067,2026-01-12T13:16:00Z
TXN-50071,PRJ-1002,2026-03-17,2026-03-17,LABOR,14.0,2100.0,0,0.0,0.0,,2026-03-17T20:19:00Z
TXN-50467,PRJ-1011,2026-03-20,2026-03-21,EXPENSE,0.0,1806.0,0,0.0,0.0,,2026-03-21T17:20:00Z
TXN-51250,PRJ-1029,2026-01-21,2026-01-21,LABOR,4.0,480.0,2,-72.0,408.0,INV-9080,2026-01-21T17:58:00Z
TXN-50047,PRJ-1002,2026-01-26,2026-01-26,LABOR,8.0,760.0,2,-8.0,752.0,INV-9003,2026-01-26T22:07:00Z
TXN-51272,PRJ-1029,2026-02-09,2026-02-09,EXPENSE,0.0,746.0,0,0.0,0.0,,2026-02-09T14:40:00Z
TXN-51462,PRJ-1033,2026-03-25,2026-03-26,LABOR,10.0,1500.0,2,-38.0,1462.0,INV-9094,2026-03-26T14:26:00Z
TXN-50398,PRJ-1009,2026-03-08,2026-03-10,LABOR,20.0,5000.0,2,199.0,5199.0,INV-9026,2026-03-10T19:52:00Z
TXN-50051,PRJ-1002,2026-01-26,2026-01-27,EXPENSE,0.0,773.0,0,0.0,0.0,,2026-01-27T17:01:00Z
TXN-50409,PRJ-1010,2026-01-07,2026-01-08,LABOR,6.0,1500.0,2,-230.0,1270.0,INV-9027,2026-01-08T17:37:00Z
TXN-51165,PRJ-1027,2026-01-23,2026-01-23,LABOR,12.0,1800.0,0,0.0,0.0,,2026-01-23T15:02:00Z
TXN-50644,PRJ-1015,2026-03-12,2026-03-14,LABOR,20.0,3500.0,0,0.0,0.0,,2026-03-14T18:25:00Z
TXN-50540,PRJ-1013,2026-02-12,2026-02-13,EXPENSE,0.0,999.0,2,-155.0,844.0,INV-9037,2026-02-13T22:00:00Z
TXN-50005,PRJ-1001,2026-01-09,2026-01-10,EXPENSE,0.0,1775.0,2,127.0,1902.0,INV-9001,2026-01-10T16:26:00Z
TXN-50702,PRJ-1017,2026-02-04,2026-02-05,LABOR,8.0,760.0,2,-112.0,648.0,INV-9049,2026-02-05T18:04:00Z
TXN-50517,PRJ-1012,2026-03-12,2026-03-13,LABOR,6.0,900.0,0,0.0,0.0,,2026-03-13T16:49:00Z
TXN-51704,PRJ-1040,2026-01-20,2026-01-22,LABOR,16.0,2400.0,2,39.0,2439.0,INV-9109,2026-01-22T17:22:00Z
TXN-51133,PRJ-1026,2026-02-23,2026-02-24,LABOR,6.0,1260.0,0,0.0,0.0,,2026-02-24T20:20:00Z
TXN-50671,PRJ-1016,2026-02-06,2026-02-06,LABOR,10.0,1200.0,2,49.0,1249.0,INV-9046,2026-02-06T13:36:00Z
TXN-51600,PRJ-1037,2026-02-08,2026-02-10,LABOR,4.0,600.0,2,-62.0,538.0,INV-9104,2026-02-10T21:00:00Z
TXN-50533,PRJ-1013,2026-01-22,2026-01-22,LABOR,8.0,1680.0,0,0.0,0.0,,2026-01-22T15:52:00Z
TXN-50911,PRJ-1021,2026-02-10,2026-02-12,LABOR,22.0,4620.0,0,0.0,0.0,,2026-02-12T13:43:00Z
TXN-50820,PRJ-1019,2026-03-27,2026-03-28,LABOR,14.0,1330.0,0,0.0,0.0,,2026-03-28T17:01:00Z
TXN-51109,PRJ-1026,2026-01-25,2026-01-25,LABOR,22.0,3300.0,2,-92.0,3208.0,INV-9073,2026-01-25T16:13:00Z
TXN-50837,PRJ-1019,2026-03-10,2026-03-11,LABOR,4.0,840.0,2,18.0,858.0,INV-9056,2026-03-11T13:50:00Z
TXN-51005,PRJ-1023,2026-03-12,2026-03-14,LABOR,4.0,840.0,0,0.0,0.0,,2026-03-14T22:40:00Z
TXN-50475,PRJ-1011,2026-03-02,2026-03-04,EXPENSE,0.0,1854.0,0,0.0,0.0,,2026-03-04T21:28:00Z
TXN-51359,PRJ-1031,2026-02-05,2026-02-06,LABOR,20.0,2400.0,2,-235.0,2165.0,INV-9087,2026-02-06T13:07:00Z
TXN-51739,PRJ-1040,2026-03-16,2026-03-16,LABOR,10.0,1750.0,2,127.0,1877.0,INV-9111,2026-03-16T19:27:00Z
TXN-50968,PRJ-1022,2026-03-03,2026-03-05,LABOR,16.0,2400.0,0,0.0,0.0,,2026-03-05T21:14:00Z
TXN-50359,PRJ-1008,2026-03-13,2026-03-15,LABOR,12.0,2520.0,2,41.0,2561.0,INV-9023,2026-03-15T20:34:00Z
TXN-50972,PRJ-1022,2026-03-20,2026-03-21,LABOR,20.0,1900.0,2,-108.0,1792.0,INV-9064,2026-03-21T13:09:00Z
TXN-50435,PRJ-1010,2026-03-21,2026-03-23,EXPENSE,0.0,2427.0,2,174.0,2601.0,INV-9029,2026-03-23T14:33:00Z
TXN-51195,PRJ-1028,2026-01-06,2026-01-06,EXPENSE,0.0,568.0,2,-3.0,565.0,INV-9077,2026-01-06T15:54:00Z
TXN-51304,PRJ-1030,2026-01-16,2026-01-16,LABOR,12.0,1140.0,0,0.0,0.0,,2026-01-16T13:09:00Z
TXN-51700,PRJ-1040,2026-01-21,2026-01-23,LABOR,12.0,1140.0,2,-105.0,1035.0,INV-9109,2026-01-23T22:19:00Z
TXN-50966,PRJ-1022,2026-03-20,2026-03-21,EXPENSE,0.0,2378.0,0,0.0,0.0,,2026-03-21T17:52:00Z
TXN-50094,PRJ-1003,2026-01-25,2026-01-27,LABOR,4.0,600.0,2,10.0,610.0,INV-9006,2026-01-27T14:48:00Z
TXN-50881,PRJ-1020,2026-03-05,2026-03-05,LABOR,16.0,4000.0,0,0.0,0.0,,2026-03-05T16:20:00Z
TXN-51261,PRJ-1029,2026-02-21,2026-02-22,EXPENSE,0.0,975.0,2,-93.0,882.0,INV-9081,2026-02-22T21:10:00Z
TXN-50709,PRJ-1017,2026-02-16,2026-02-16,EXPENSE,0.0,1379.0,2,80.0,1459.0,INV-9049,2026-02-16T20:48:00Z
TXN-51545,PRJ-1035,2026-03-23,2026-03-25,LABOR,18.0,4500.0,0,0.0,0.0,,2026-03-25T16:07:00Z
TXN-51264,PRJ-1029,2026-02-15,2026-02-16,LABOR,20.0,1900.0,2,-314.0,1586.0,INV-9081,2026-02-16T15:35:00Z
TXN-51552,PRJ-1036,2026-01-20,2026-01-21,EXPENSE,0.0,2424.0,2,-299.0,2125.0,INV-9100,2026-01-21T16:45:00Z
TXN-51397,PRJ-1032,2026-02-20,2026-02-22,EXPENSE,0.0,2327.0,0,0.0,0.0,,2026-02-22T22:59:00Z
TXN-51115,PRJ-1026,2026-01-10,2026-01-11,LABOR,12.0,1440.0,2,-49.0,1391.0,INV-9073,2026-01-11T18:01:00Z
TXN-51716,PRJ-1040,2026-02-13,2026-02-14,LABOR,14.0,3500.0,2,-644.0,2856.0,INV-9110,2026-02-14T18:23:00Z
TXN-50189,PRJ-1005,2026-02-19,2026-02-20,LABOR,12.0,1140.0,0,0.0,0.0,,2026-02-20T16:57:00Z
TXN-51476,PRJ-1034,2026-01-23,2026-01-24,LABOR,8.0,1680.0,2,-289.0,1391.0,INV-9095,2026-01-24T19:00:00Z
TXN-51445,PRJ-1033,2026-02-07,2026-02-07,EXPENSE,0.0,685.0,0,0.0,0.0,,2026-02-07T13:40:00Z
TXN-50863,PRJ-1020,2026-02-12,2026-02-12,LABOR,20.0,3500.0,2,-194.0,3306.0,INV-9058,2026-02-12T20:31:00Z
TXN-51760,PRJ-1002,2026-03-30,2026-04-01,LABOR,8.0,1400.0,0,0.0,0.0,,2026-04-01T19:21:00Z
TXN-50344,PRJ-1008,2026-02-12,2026-02-14,EXPENSE,0.0,663.0,0,0.0,0.0,,2026-02-14T14:18:00Z
TXN-51047,PRJ-1024,2026-03-08,2026-03-08,EXPENSE,0.0,1560.0,0,0.0,0.0,,2026-03-08T17:34:00Z
TXN-50008,PRJ-1001,2026-01-25,2026-01-26,LABOR,18.0,2160.0,0,0.0,0.0,,2026-01-26T17:07:00Z
TXN-50760,PRJ-1018,2026-02-06,2026-02-07,LABOR,14.0,3500.0,2,206.0,3706.0,INV-9052,2026-02-07T21:25:00Z
TXN-51643,PRJ-1038,2026-02-02,2026-02-02,LABOR,8.0,2000.0,2,103.0,2103.0,INV-9106,2026-02-02T21:27:00Z
TXN-51196,PRJ-1028,2026-01-22,2026-01-24,LABOR,6.0,570.0,2,-100.0,470.0,INV-9077,2026-01-24T20:11:00Z
TXN-50216,PRJ-1006,2026-01-23,2026-01-24,LABOR,10.0,950.0,2,63.0,1013.0,INV-9015,2026-01-24T13:28:00Z
TXN-50110,PRJ-1003,2026-03-14,2026-03-15,LABOR,4.0,700.0,0,0.0,0.0,,2026-03-15T16:33:00Z
TXN-50220,PRJ-1006,2026-01-05,2026-01-07,LABOR,10.0,1500.0,2,-236.0,1264.0,INV-9015,2026-01-07T21:55:00Z
TXN-51509,PRJ-1034,2026-03-04,2026-03-05,LABOR,16.0,3360.0,2,41.0,3401.0,INV-9097,2026-03-05T15:50:00Z
TXN-51053,PRJ-1024,2026-03-11,2026-03-13,LABOR,6.0,570.0,0,0.0,0.0,,2026-03-13T16:07:00Z
TXN-51440,PRJ-1033,2026-02-11,2026-02-13,LABOR,18.0,4500.0,2,26.0,4526.0,INV-9093,2026-02-13T21:00:00Z
TXN-51177,PRJ-1027,2026-02-10,2026-02-10,LABOR,4.0,380.0,0,0.0,0.0,,2026-02-10T22:35:00Z
TXN-51471,PRJ-1034,2026-01-06,2026-01-08,LABOR,4.0,480.0,2,13.0,493.0,INV-9095,2026-01-08T16:16:00Z
TXN-51319,PRJ-1030,2026-02-23,2026-02-23,LABOR,16.0,3360.0,2,96.0,3456.0,INV-9084,2026-02-23T14:53:00Z
TXN-50729,PRJ-1017,2026-03-14,2026-03-15,LABOR,14.0,3500.0,0,0.0,0.0,,2026-03-15T14:38:00Z
TXN-50028,PRJ-1001,2026-03-18,2026-03-18,LABOR,18.0,1710.0,0,0.0,0.0,,2026-03-18T14:29:00Z
TXN-50231,PRJ-1006,2026-02-20,2026-02-22,LABOR,6.0,1050.0,2,-109.0,941.0,INV-9016,2026-02-22T19:24:00Z
TXN-50841,PRJ-1020,2026-01-09,2026-01-11,LABOR,10.0,1750.0,2,105.0,1855.0,INV-9057,2026-01-11T14:57:00Z
TXN-50507,PRJ-1012,2026-03-09,2026-03-09,LABOR,22.0,3850.0,0,0.0,0.0,,2026-03-09T19:12:00Z
TXN-50416,PRJ-1010,2026-02-27,2026-02-28,EXPENSE,0.0,2463.0,2,58.0,2521.0,INV-9028,2026-02-28T22:16:00Z
TXN-50053,PRJ-1002,2026-02-27,2026-02-27,EXPENSE,0.0,1522.0,2,38.0,1560.0,INV-9004,2026-02-27T17:28:00Z
TXN-51488,PRJ-1034,2026-02-02,2026-02-02,LABOR,12.0,1140.0,2,2.0,1142.0,INV-9096,2026-02-02T18:33:00Z
TXN-51140,PRJ-1026,2026-03-03,2026-03-05,EXPENSE,0.0,630.0,0,0.0,0.0,,2026-03-05T20:37:00Z
TXN-50624,PRJ-1015,2026-02-13,2026-02-13,LABOR,14.0,1680.0,2,-55.0,1625.0,INV-9043,2026-02-13T15:26:00Z
TXN-51451,PRJ-1033,2026-03-02,2026-03-02,LABOR,14.0,1680.0,0,0.0,0.0,,2026-03-02T15:25:00Z
TXN-50587,PRJ-1014,2026-02-06,2026-02-08,EXPENSE,0.0,509.0,0,0.0,0.0,,2026-02-08T17:14:00Z
TXN-51647,PRJ-1038,2026-02-09,2026-02-11,LABOR,6.0,1050.0,2,-16.0,1034.0,INV-9106,2026-02-11T16:50:00Z
TXN-50559,PRJ-1013,2026-03-23,2026-03-24,LABOR,6.0,1500.0,0,0.0,0.0,,2026-03-24T18:59:00Z
TXN-50197,PRJ-1005,2026-03-10,2026-03-11,LABOR,16.0,2400.0,0,0.0,0.0,,2026-03-11T17:00:00Z
TXN-51373,PRJ-1031,2026-03-22,2026-03-23,EXPENSE,0.0,1354.0,0,0.0,0.0,,2026-03-23T20:35:00Z
TXN-51498,PRJ-1034,2026-03-17,2026-03-17,LABOR,10.0,2100.0,0,0.0,0.0,,2026-03-17T13:57:00Z
TXN-51402,PRJ-1032,2026-03-02,2026-03-04,LABOR,10.0,2500.0,0,0.0,0.0,,2026-03-04T13:57:00Z
TXN-50639,PRJ-1015,2026-03-09,2026-03-09,LABOR,12.0,2100.0,0,0.0,0.0,,2026-03-09T13:07:00Z
TXN-51161,PRJ-1027,2026-01-02,2026-01-04,LABOR,10.0,1500.0,2,-1.0,1499.0,INV-9075,2026-01-04T18:37:00Z
TXN-51442,PRJ-1033,2026-02-27,2026-02-28,LABOR,8.0,960.0,2,-149.0,811.0,INV-9093,2026-02-28T21:19:00Z
TXN-50065,PRJ-1002,2026-02-25,2026-02-25,EXPENSE,0.0,338.0,0,0.0,0.0,,2026-02-25T13:24:00Z
TXN-50875,PRJ-1020,2026-03-14,2026-03-16,LABOR,4.0,1000.0,0,0.0,0.0,,2026-03-16T14:49:00Z
TXN-50070,PRJ-1002,2026-03-08,2026-03-08,LABOR,12.0,1800.0,0,0.0,0.0,,2026-03-08T14:25:00Z
TXN-50998,PRJ-1023,2026-02-11,2026-02-13,LABOR,12.0,1440.0,0,0.0,0.0,,2026-02-13T21:05:00Z
TXN-51405,PRJ-1032,2026-03-08,2026-03-09,EXPENSE,0.0,752.0,0,0.0,0.0,,2026-03-09T14:36:00Z
TXN-51503,PRJ-1034,2026-03-03,2026-03-03,EXPENSE,0.0,1510.0,0,0.0,0.0,,2026-03-03T22:40:00Z
TXN-50380,PRJ-1009,2026-02-18,2026-02-20,LABOR,14.0,2940.0,2,-273.0,2667.0,INV-9025,2026-02-20T19:58:00Z
TXN-50268,PRJ-1007,2026-01-23,2026-01-24,LABOR,18.0,3150.0,2,-99.0,3051.0,INV-9018,2026-01-24T13:22:00Z
TXN-50765,PRJ-1018,2026-02-02,2026-02-04,LABOR,16.0,1520.0,0,0.0,0.0,,2026-02-04T13:02:00Z
TXN-51604,PRJ-1037,2026-02-20,2026-02-22,LABOR,8.0,960.0,2,-139.0,821.0,INV-9104,2026-02-22T15:09:00Z
TXN-51305,PRJ-1030,2026-01-04,2026-01-05,LABOR,12.0,1440.0,0,0.0,0.0,,2026-01-05T13:42:00Z
TXN-50857,PRJ-1020,2026-02-13,2026-02-13,LABOR,20.0,1900.0,2,-20.0,1880.0,INV-9058,2026-02-13T13:20:00Z
TXN-50139,PRJ-1004,2026-01-05,2026-01-05,EXPENSE,0.0,179.0,0,0.0,0.0,,2026-01-05T22:29:00Z
TXN-50575,PRJ-1014,2026-02-24,2026-02-24,LABOR,18.0,4500.0,2,-788.0,3712.0,INV-9040,2026-02-24T16:24:00Z
TXN-50219,PRJ-1006,2026-01-03,2026-01-04,LABOR,14.0,2450.0,2,-362.0,2088.0,INV-9015,2026-01-04T21:59:00Z
TXN-50856,PRJ-1020,2026-02-13,2026-02-14,LABOR,10.0,2100.0,2,-163.0,1937.0,INV-9058,2026-02-14T19:42:00Z
TXN-50358,PRJ-1008,2026-03-23,2026-03-24,LABOR,8.0,1200.0,2,-151.0,1049.0,INV-9023,2026-03-24T22:00:00Z
TXN-50484,PRJ-1012,2026-01-27,2026-01-28,LABOR,20.0,5000.0,2,-762.0,4238.0,INV-9033,2026-01-28T18:13:00Z
TXN-51772,PRJ-1031,2026-03-31,2026-03-31,LABOR,8.0,1680.0,0,0.0,0.0,,2026-04-01T03:24:00Z
TXN-50236,PRJ-1006,2026-02-26,2026-02-27,LABOR,18.0,4500.0,2,-131.0,4369.0,INV-9016,2026-02-27T20:15:00Z
TXN-51458,PRJ-1033,2026-03-06,2026-03-06,EXPENSE,0.0,1001.0,0,0.0,0.0,,2026-03-06T19:08:00Z
TXN-50788,PRJ-1018,2026-02-27,2026-02-28,LABOR,8.0,2000.0,1,0.0,0.0,,2026-02-28T17:51:00Z
TXN-50238,PRJ-1006,2026-02-02,2026-02-03,EXPENSE,0.0,1048.0,0,0.0,0.0,,2026-02-03T22:36:00Z
TXN-51520,PRJ-1035,2026-01-20,2026-01-22,EXPENSE,0.0,310.0,2,-33.0,277.0,INV-9098,2026-01-22T20:15:00Z
TXN-51254,PRJ-1029,2026-01-04,2026-01-06,LABOR,12.0,3000.0,2,-226.0,2774.0,INV-9080,2026-01-06T21:44:00Z
TXN-51407,PRJ-1032,2026-03-08,2026-03-09,LABOR,12.0,1800.0,0,0.0,0.0,,2026-03-09T13:57:00Z
TXN-50947,PRJ-1022,2026-02-15,2026-02-15,EXPENSE,0.0,1103.0,2,24.0,1127.0,INV-9063,2026-02-15T13:45:00Z
TXN-50948,PRJ-1022,2026-02-15,2026-02-17,LABOR,6.0,1260.0,2,52.0,1312.0,INV-9063,2026-02-17T13:12:00Z
TXN-51201,PRJ-1028,2026-01-06,2026-01-06,LABOR,14.0,2940.0,2,-368.0,2572.0,INV-9077,2026-01-06T14:46:00Z
TXN-51270,PRJ-1029,2026-02-10,2026-02-10,EXPENSE,0.0,2492.0,0,0.0,0.0,,2026-02-10T21:46:00Z
TXN-50708,PRJ-1017,2026-02-14,2026-02-16,LABOR,18.0,2700.0,2,-120.0,2580.0,INV-9049,2026-02-16T18:05:00Z
TXN-51234,PRJ-1028,2026-03-09,2026-03-11,LABOR,4.0,700.0,0,0.0,0.0,,2026-03-11T14:13:00Z
TXN-50971,PRJ-1022,2026-03-27,2026-03-29,LABOR,18.0,2700.0,0,0.0,0.0,,2026-03-29T17:46:00Z
TXN-50997,PRJ-1023,2026-02-15,2026-02-17,EXPENSE,0.0,2138.0,2,-363.0,1775.0,INV-9066,2026-02-17T13:16:00Z
TXN-50887,PRJ-1021,2026-01-23,2026-01-23,LABOR,8.0,760.0,2,-132.0,628.0,INV-9060,2026-01-23T21:27:00Z
TXN-50101,PRJ-1003,2026-02-27,2026-02-28,LABOR,16.0,1520.0,2,-286.0,1234.0,INV-9007,2026-02-28T19:13:00Z
TXN-50591,PRJ-1014,2026-03-16,2026-03-18,EXPENSE,0.0,1549.0,0,0.0,0.0,,2026-03-18T13:44:00Z
TXN-51621,PRJ-1038,2026-01-05,2026-01-05,LABOR,14.0,1680.0,2,-210.0,1470.0,INV-9105,2026-01-05T16:07:00Z
TXN-50333,PRJ-1008,2026-02-07,2026-02-09,LABOR,10.0,1500.0,2,-22.0,1478.0,INV-9022,2026-02-09T20:40:00Z
TXN-50176,PRJ-1005,2026-01-27,2026-01-27,EXPENSE,0.0,954.0,0,0.0,0.0,,2026-01-27T14:19:00Z
TXN-50675,PRJ-1016,2026-02-19,2026-02-21,LABOR,10.0,2100.0,0,0.0,0.0,,2026-02-21T15:58:00Z
TXN-50607,PRJ-1014,2026-03-07,2026-03-08,LABOR,14.0,1680.0,2,-120.0,1560.0,INV-9041,2026-03-08T20:10:00Z
TXN-50441,PRJ-1010,2026-03-11,2026-03-11,LABOR,20.0,3500.0,2,208.0,3708.0,INV-9029,2026-03-11T19:07:00Z
TXN-50993,PRJ-1023,2026-02-26,2026-02-26,LABOR,4.0,380.0,2,-23.0,357.0,INV-9066,2026-02-26T14:39:00Z
TXN-50823,PRJ-1019,2026-03-10,2026-03-10,LABOR,16.0,4000.0,0,0.0,0.0,,2026-03-10T20:42:00Z
TXN-51267,PRJ-1029,2026-02-23,2026-02-25,LABOR,4.0,700.0,2,-32.0,668.0,INV-9081,2026-02-25T20:19:00Z
TXN-50259,PRJ-1006,2026-03-03,2026-03-03,LABOR,4.0,1000.0,2,-190.0,810.0,INV-9017,2026-03-03T20:20:00Z
TXN-51634,PRJ-1038,2026-01-06,2026-01-07,LABOR,22.0,2090.0,0,0.0,0.0,,2026-01-07T17:53:00Z
TXN-51018,PRJ-1024,2026-01-24,2026-01-26,LABOR,22.0,3850.0,2,-225.0,3625.0,INV-9067,2026-01-26T20:25:00Z
TXN-50919,PRJ-1021,2026-03-05,2026-03-06,LABOR,6.0,1050.0,0,0.0,0.0,,2026-03-06T13:51:00Z
TXN-51495,PRJ-1034,2026-02-03,2026-02-04,EXPENSE,0.0,1400.0,0,0.0,0.0,,2026-02-04T18:45:00Z
TXN-50803,PRJ-1019,2026-01-11,2026-01-12,LABOR,6.0,720.0,0,0.0,0.0,,2026-01-12T22:30:00Z
TXN-50995,PRJ-1023,2026-02-24,2026-02-25,EXPENSE,0.0,1803.0,2,76.0,1879.0,INV-9066,2026-02-25T15:36:00Z
TXN-50083,PRJ-1002,2026-03-17,2026-03-17,LABOR,22.0,4620.0,2,-811.0,3809.0,INV-9005,2026-03-17T14:29:00Z
TXN-51625,PRJ-1038,2026-01-22,2026-01-24,LABOR,6.0,720.0,2,-88.0,632.0,INV-9105,2026-01-24T16:07:00Z
TXN-51100,PRJ-1025,2026-03-07,2026-03-07,LABOR,18.0,4500.0,2,-613.0,3887.0,INV-9072,2026-03-07T22:56:00Z
TXN-50438,PRJ-1010,2026-03-20,2026-03-20,LABOR,20.0,4200.0,2,-473.0,3727.0,INV-9029,2026-03-20T18:55:00Z
TXN-50553,PRJ-1013,2026-03-07,2026-03-07,EXPENSE,0.0,2334.0,0,0.0,0.0,,2026-03-07T21:38:00Z
TXN-51756,PRJ-1007,2026-03-25,2026-03-25,LABOR,12.0,2100.0,1,0.0,0.0,,2026-03-25T13:38:00Z
TXN-50806,PRJ-1019,2026-02-21,2026-02-23,LABOR,18.0,2700.0,2,-95.0,2605.0,INV-9055,2026-02-23T16:03:00Z
TXN-50073,PRJ-1002,2026-03-19,2026-03-21,LABOR,18.0,2160.0,0,0.0,0.0,,2026-03-21T17:32:00Z
TXN-50969,PRJ-1022,2026-03-19,2026-03-21,LABOR,22.0,4620.0,0,0.0,0.0,,2026-03-21T17:37:00Z
TXN-50128,PRJ-1004,2026-01-16,2026-01-17,LABOR,18.0,3780.0,2,-694.0,3086.0,INV-9009,2026-01-17T20:21:00Z
TXN-50769,PRJ-1018,2026-02-04,2026-02-06,LABOR,10.0,1200.0,0,0.0,0.0,,2026-02-06T17:18:00Z
TXN-50085,PRJ-1002,2026-03-21,2026-03-23,EXPENSE,0.0,1615.0,2,-158.0,1457.0,INV-9005,2026-03-23T15:31:00Z
TXN-50545,PRJ-1013,2026-02-15,2026-02-17,LABOR,20.0,2400.0,0,0.0,0.0,,2026-02-17T13:23:00Z
TXN-50821,PRJ-1019,2026-03-03,2026-03-04,EXPENSE,0.0,292.0,0,0.0,0.0,,2026-03-04T15:25:00Z
TXN-51409,PRJ-1032,2026-03-08,2026-03-09,LABOR,12.0,1140.0,0,0.0,0.0,,2026-03-09T18:42:00Z
TXN-51374,PRJ-1031,2026-03-27,2026-03-28,LABOR,22.0,3850.0,2,105.0,3955.0,INV-9088,2026-03-28T19:39:00Z
TXN-51015,PRJ-1024,2026-01-18,2026-01-19,LABOR,14.0,1680.0,2,76.0,1756.0,INV-9067,2026-01-19T21:09:00Z
TXN-51211,PRJ-1028,2026-02-25,2026-02-25,EXPENSE,0.0,1570.0,2,-236.0,1334.0,INV-9078,2026-02-25T18:01:00Z
TXN-51126,PRJ-1026,2026-02-17,2026-02-17,LABOR,12.0,1140.0,2,-116.0,1024.0,INV-9074,2026-02-17T22:43:00Z
TXN-50704,PRJ-1017,2026-02-27,2026-02-28,LABOR,16.0,1520.0,2,-149.0,1371.0,INV-9049,2026-02-28T21:41:00Z
TXN-51104,PRJ-1025,2026-03-18,2026-03-20,LABOR,4.0,840.0,2,-31.0,809.0,INV-9072,2026-03-20T21:24:00Z
TXN-51582,PRJ-1036,2026-03-15,2026-03-17,EXPENSE,0.0,2031.0,0,0.0,0.0,,2026-03-17T18:22:00Z
TXN-51078,PRJ-1025,2026-02-14,2026-02-16,LABOR,16.0,2800.0,2,-164.0,2636.0,INV-9071,2026-02-16T15:07:00Z
TXN-50369,PRJ-1009,2026-01-08,2026-01-08,LABOR,18.0,3150.0,0,0.0,0.0,,2026-01-08T17:46:00Z
TXN-50451,PRJ-1011,2026-01-15,2026-01-17,LABOR,10.0,2100.0,0,0.0,0.0,,2026-01-17T14:05:00Z
TXN-50278,PRJ-1007,2026-02-17,2026-02-18,EXPENSE,0.0,577.0,2,35.0,612.0,INV-9019,2026-02-18T19:05:00Z
TXN-50973,PRJ-1022,2026-03-26,2026-03-27,LABOR,12.0,2520.0,2,-366.0,2154.0,INV-9064,2026-03-27T20:53:00Z
TXN-51696,PRJ-1039,2026-03-10,2026-03-10,EXPENSE,0.0,1379.0,0,0.0,0.0,,2026-03-10T22:57:00Z
TXN-51467,PRJ-1033,2026-01-12,2026-01-12,LABOR,14.0,1330.0,1,0.0,0.0,,2026-01-12T21:06:00Z
TXN-50583,PRJ-1014,2026-02-14,2026-02-16,LABOR,20.0,4200.0,2,-336.0,3864.0,INV-9040,2026-02-16T18:14:00Z
TXN-50572,PRJ-1014,2026-01-11,2026-01-11,EXPENSE,0.0,939.0,2,-137.0,802.0,INV-9039,2026-01-11T13:21:00Z
TXN-50677,PRJ-1016,2026-03-07,2026-03-09,LABOR,20.0,3500.0,0,0.0,0.0,,2026-03-09T13:46:00Z
TXN-51346,PRJ-1031,2026-01-04,2026-01-06,LABOR,20.0,3000.0,2,-470.0,2530.0,INV-9086,2026-01-06T22:24:00Z
TXN-51308,PRJ-1030,2026-01-14,2026-01-14,EXPENSE,0.0,2405.0,0,0.0,0.0,,2026-01-14T13:07:00Z
TXN-50872,PRJ-1020,2026-03-15,2026-03-17,LABOR,20.0,1900.0,0,0.0,0.0,,2026-03-17T22:39:00Z
TXN-51506,PRJ-1034,2026-03-25,2026-03-26,EXPENSE,0.0,210.0,0,0.0,0.0,,2026-03-26T18:31:00Z
TXN-50833,PRJ-1019,2026-03-02,2026-03-02,LABOR,8.0,960.0,0,0.0,0.0,,2026-03-02T21:52:00Z
TXN-50715,PRJ-1017,2026-02-02,2026-02-04,LABOR,6.0,570.0,0,0.0,0.0,,2026-02-04T20:48:00Z
TXN-50133,PRJ-1004,2026-01-08,2026-01-08,EXPENSE,0.0,1751.0,2,-199.0,1552.0,INV-9009,2026-01-08T17:08:00Z
TXN-51225,PRJ-1028,2026-03-18,2026-03-18,LABOR,12.0,1140.0,0,0.0,0.0,,2026-03-18T19:34:00Z
TXN-50092,PRJ-1003,2026-01-12,2026-01-14,EXPENSE,0.0,1736.0,2,60.0,1796.0,INV-9006,2026-01-14T15:02:00Z
TXN-51679,PRJ-1039,2026-02-16,2026-02-18,LABOR,16.0,1920.0,2,-17.0,1903.0,INV-9108,2026-02-18T21:55:00Z
TXN-51558,PRJ-1036,2026-01-16,2026-01-17,LABOR,22.0,5500.0,0,0.0,0.0,,2026-01-17T18:00:00Z
TXN-50594,PRJ-1014,2026-03-14,2026-03-16,LABOR,20.0,1900.0,0,0.0,0.0,,2026-03-16T16:39:00Z
TXN-51566,PRJ-1036,2026-02-11,2026-02-11,LABOR,10.0,1500.0,2,111.0,1611.0,INV-9101,2026-02-11T15:19:00Z
TXN-50810,PRJ-1019,2026-02-09,2026-02-11,LABOR,8.0,1400.0,2,-155.0,1245.0,INV-9055,2026-02-11T15:52:00Z
TXN-50628,PRJ-1015,2026-02-14,2026-02-14,LABOR,20.0,3000.0,0,0.0,0.0,,2026-02-14T19:57:00Z
TXN-50429,PRJ-1010,2026-03-11,2026-03-11,LABOR,14.0,2450.0,0,0.0,0.0,,2026-03-11T15:36:00Z
TXN-51607,PRJ-1037,2026-02-04,2026-02-04,LABOR,16.0,2400.0,0,0.0,0.0,,2026-02-04T20:36:00Z
TXN-51765,PRJ-1021,2026-03-29,2026-04-02,LABOR,10.0,1750.0,0,0.0,0.0,,2026-04-02T13:45:00Z
TXN-51367,PRJ-1031,2026-03-22,2026-03-22,LABOR,18.0,4500.0,0,0.0,0.0,,2026-03-22T15:50:00Z
TXN-50721,PRJ-1017,2026-03-09,2026-03-10,EXPENSE,0.0,1562.0,0,0.0,0.0,,2026-03-10T21:18:00Z
TXN-50345,PRJ-1008,2026-03-09,2026-03-10,LABOR,6.0,1260.0,0,0.0,0.0,,2026-03-10T16:51:00Z
TXN-51387,PRJ-1032,2026-01-04,2026-01-04,EXPENSE,0.0,2348.0,0,0.0,0.0,,2026-01-04T16:36:00Z
TXN-51534,PRJ-1035,2026-03-08,2026-03-10,EXPENSE,0.0,2035.0,0,0.0,0.0,,2026-03-10T22:39:00Z
TXN-51073,PRJ-1025,2026-01-17,2026-01-19,LABOR,16.0,3360.0,0,0.0,0.0,,2026-01-19T21:04:00Z
TXN-51212,PRJ-1028,2026-02-18,2026-02-19,LABOR,6.0,1050.0,2,-177.0,873.0,INV-9078,2026-02-19T19:02:00Z
TXN-50426,PRJ-1010,2026-03-23,2026-03-24,LABOR,6.0,1050.0,0,0.0,0.0,,2026-03-24T22:57:00Z
TXN-50994,PRJ-1023,2026-02-11,2026-02-12,LABOR,16.0,3360.0,2,241.0,3601.0,INV-9066,2026-02-12T17:27:00Z
TXN-50052,PRJ-1002,2026-02-16,2026-02-16,LABOR,16.0,3360.0,2,-278.0,3082.0,INV-9004,2026-02-16T14:00:00Z
TXN-50181,PRJ-1005,2026-02-06,2026-02-08,EXPENSE,0.0,1307.0,2,-260.0,1047.0,INV-9013,2026-02-08T22:00:00Z
TXN-51605,PRJ-1037,2026-02-22,2026-02-22,LABOR,18.0,1710.0,0,0.0,0.0,,2026-02-22T20:01:00Z
TXN-50944,PRJ-1022,2026-02-10,2026-02-10,LABOR,6.0,900.0,2,33.0,933.0,INV-9063,2026-02-10T18:40:00Z
TXN-51249,PRJ-1029,2026-01-18,2026-01-18,LABOR,16.0,4000.0,2,23.0,4023.0,INV-9080,2026-01-18T19:37:00Z
TXN-51080,PRJ-1025,2026-02-17,2026-02-17,LABOR,8.0,1200.0,2,-27.0,1173.0,INV-9071,2026-02-17T16:26:00Z
TXN-50828,PRJ-1019,2026-03-22,2026-03-24,LABOR,22.0,3850.0,0,0.0,0.0,,2026-03-24T20:06:00Z
TXN-51431,PRJ-1033,2026-01-24,2026-01-26,LABOR,18.0,2700.0,0,0.0,0.0,,2026-01-26T19:54:00Z
TXN-50107,PRJ-1003,2026-02-05,2026-02-07,LABOR,8.0,1400.0,0,0.0,0.0,,2026-02-07T17:47:00Z
TXN-50717,PRJ-1017,2026-03-13,2026-03-13,LABOR,6.0,900.0,0,0.0,0.0,,2026-03-13T13:30:00Z
TXN-50519,PRJ-1012,2026-03-18,2026-03-18,LABOR,16.0,1520.0,2,6.0,1526.0,INV-9035,2026-03-18T22:17:00Z
TXN-50952,PRJ-1022,2026-02-17,2026-02-17,LABOR,4.0,480.0,0,0.0,0.0,,2026-02-17T13:45:00Z
TXN-50095,PRJ-1003,2026-01-02,2026-01-04,LABOR,22.0,2090.0,0,0.0,0.0,,2026-01-04T13:00:00Z
TXN-50880,PRJ-1020,2026-03-26,2026-03-28,LABOR,6.0,900.0,0,0.0,0.0,,2026-03-28T16:31:00Z
TXN-51710,PRJ-1040,2026-01-04,2026-01-05,LABOR,22.0,2640.0,0,0.0,0.0,,2026-01-05T16:14:00Z
TXN-51089,PRJ-1025,2026-02-24,2026-02-25,LABOR,6.0,900.0,0,0.0,0.0,,2026-02-25T15:47:00Z
TXN-51536,PRJ-1035,2026-03-21,2026-03-21,EXPENSE,0.0,1894.0,0,0.0,0.0,,2026-03-21T22:20:00Z
TXN-50376,PRJ-1009,2026-02-15,2026-02-16,LABOR,20.0,4200.0,2,234.0,4434.0,INV-9025,2026-02-16T20:14:00Z
TXN-51151,PRJ-1026,2026-03-19,2026-03-20,LABOR,10.0,1200.0,0,0.0,0.0,,2026-03-20T19:20:00Z
TXN-50027,PRJ-1001,2026-03-19,2026-03-20,LABOR,6.0,1050.0,0,0.0,0.0,,2026-03-20T13:38:00Z
TXN-51199,PRJ-1028,2026-01-09,2026-01-09,LABOR,4.0,380.0,2,-3.0,377.0,INV-9077,2026-01-09T15:12:00Z
TXN-50862,PRJ-1020,2026-02-09,2026-02-11,LABOR,14.0,3500.0,2,132.0,3632.0,INV-9058,2026-02-11T21:55:00Z
TXN-51150,PRJ-1026,2026-03-06,2026-03-07,LABOR,4.0,1000.0,0,0.0,0.0,,2026-03-07T18:26:00Z
TXN-51217,PRJ-1028,2026-02-12,2026-02-13,LABOR,4.0,1000.0,2,56.0,1056.0,INV-9078,2026-02-13T20:52:00Z
TXN-51724,PRJ-1040,2026-03-25,2026-03-26,EXPENSE,0.0,1492.0,0,0.0,0.0,,2026-03-26T14:31:00Z
TXN-51691,PRJ-1039,2026-03-19,2026-03-21,LABOR,10.0,1200.0,0,0.0,0.0,,2026-03-21T20:53:00Z
TXN-51714,PRJ-1040,2026-02-19,2026-02-19,EXPENSE,0.0,1132.0,2,-91.0,1041.0,INV-9110,2026-02-19T15:14:00Z
TXN-50346,PRJ-1008,2026-03-11,2026-03-13,EXPENSE,0.0,651.0,0,0.0,0.0,,2026-03-13T13:55:00Z
TXN-51657,PRJ-1038,2026-03-12,2026-03-12,EXPENSE,0.0,1539.0,0,0.0,0.0,,2026-03-12T15:32:00Z
TXN-51742,PRJ-1040,2026-03-06,2026-03-06,LABOR,22.0,3300.0,2,-20.0,3280.0,INV-9111,2026-03-06T13:20:00Z
TXN-50233,PRJ-1006,2026-02-21,2026-02-22,LABOR,20.0,2400.0,2,-347.0,2053.0,INV-9016,2026-02-22T14:46:00Z
TXN-51656,PRJ-1038,2026-03-14,2026-03-15,LABOR,12.0,2100.0,0,0.0,0.0,,2026-03-15T16:16:00Z
TXN-50466,PRJ-1011,2026-02-05,2026-02-05,EXPENSE,0.0,2032.0,0,0.0,0.0,,2026-02-05T15:36:00Z
TXN-50567,PRJ-1014,2026-01-27,2026-01-27,LABOR,8.0,1200.0,2,-230.0,970.0,INV-9039,2026-01-27T21:37:00Z
TXN-51499,PRJ-1034,2026-03-04,2026-03-05,LABOR,4.0,380.0,0,0.0,0.0,,2026-03-05T18:46:00Z
TXN-50696,PRJ-1017,2026-01-23,2026-01-24,EXPENSE,0.0,217.0,2,-21.0,196.0,INV-9048,2026-01-24T13:18:00Z
TXN-50787,PRJ-1018,2026-03-10,2026-03-12,LABOR,14.0,3500.0,2,-479.0,3021.0,INV-9053,2026-03-12T14:19:00Z
TXN-51759,PRJ-1002,2026-03-29,2026-04-01,LABOR,8.0,1400.0,0,0.0,0.0,,2026-04-01T16:44:00Z
TXN-51391,PRJ-1032,2026-02-25,2026-02-26,LABOR,6.0,900.0,2,-66.0,834.0,INV-9090,2026-02-26T20:22:00Z
TXN-50289,PRJ-1007,2026-02-24,2026-02-24,LABOR,18.0,3780.0,2,-484.0,3296.0,INV-9019,2026-02-24T18:49:00Z
TXN-50310,PRJ-1007,2026-03-11,2026-03-13,EXPENSE,0.0,1678.0,0,0.0,0.0,,2026-03-13T13:12:00Z
TXN-51385,PRJ-1032,2026-01-04,2026-01-04,LABOR,20.0,4200.0,2,146.0,4346.0,INV-9089,2026-01-04T17:33:00Z
TXN-51085,PRJ-1025,2026-02-07,2026-02-09,LABOR,8.0,1400.0,0,0.0,0.0,,2026-02-09T15:40:00Z
TXN-50365,PRJ-1009,2026-01-20,2026-01-20,LABOR,18.0,2700.0,2,-388.0,2312.0,INV-9024,2026-01-20T17:10:00Z
TXN-51044,PRJ-1024,2026-03-22,2026-03-23,LABOR,22.0,4620.0,0,0.0,0.0,,2026-03-23T16:52:00Z
TXN-50284,PRJ-1007,2026-02-19,2026-02-19,LABOR,22.0,2090.0,2,89.0,2179.0,INV-9019,2026-02-19T13:35:00Z
TXN-50310,PRJ-1007,2026-03-11,2026-03-13,EXPENSE,0.0,1678.0,0,0.0,0.0,,2026-03-13T13:12:00Z
TXN-50606,PRJ-1014,2026-03-10,2026-03-10,LABOR,14.0,3500.0,2,-697.0,2803.0,INV-9041,2026-03-10T20:17:00Z
TXN-50877,PRJ-1020,2026-03-07,2026-03-09,EXPENSE,0.0,300.0,0,0.0,0.0,,2026-03-09T21:17:00Z
TXN-50079,PRJ-1002,2026-03-12,2026-03-13,EXPENSE,0.0,2491.0,0,0.0,0.0,,2026-03-13T20:55:00Z
TXN-51296,PRJ-1029,2026-03-15,2026-03-17,LABOR,20.0,2400.0,2,-256.0,2144.0,INV-9082,2026-03-17T16:39:00Z
TXN-50502,PRJ-1012,2026-02-15,2026-02-15,EXPENSE,0.0,1830.0,2,-44.0,1786.0,INV-9034,2026-02-15T22:36:00Z
TXN-51429,PRJ-1033,2026-01-12,2026-01-12,LABOR,12.0,3000.0,2,-229.0,2771.0,INV-9092,2026-01-12T17:18:00Z
TXN-51673,PRJ-1039,2026-01-06,2026-01-06,EXPENSE,0.0,637.0,0,0.0,0.0,,2026-01-06T19:46:00Z
TXN-50528,PRJ-1013,2026-01-02,2026-01-02,EXPENSE,0.0,194.0,2,15.0,209.0,INV-9036,2026-01-02T15:02:00Z
TXN-50222,PRJ-1006,2026-01-03,2026-01-05,EXPENSE,0.0,2082.0,2,122.0,2204.0,INV-9015,2026-01-05T15:31:00Z
TXN-51624,PRJ-1038,2026-01-24,2026-01-26,LABOR,12.0,2520.0,2,-453.0,2067.0,INV-9105,2026-01-26T17:48:00Z
TXN-51478,PRJ-1034,2026-01-17,2026-01-19,LABOR,14.0,2450.0,2,-133.0,2317.0,INV-9095,2026-01-19T22:22:00Z
TXN-50589,PRJ-1014,2026-02-12,2026-02-13,LABOR,14.0,2940.0,0,0.0,0.0,,2026-02-13T15:18:00Z
TXN-51368,PRJ-1031,2026-03-12,2026-03-12,LABOR,4.0,700.0,0,0.0,0.0,,2026-03-12T13:16:00Z
TXN-50500,PRJ-1012,2026-02-22,2026-02-23,LABOR,4.0,1000.0,2,76.0,1076.0,INV-9034,2026-02-23T19:48:00Z
TXN-51533,PRJ-1035,2026-02-15,2026-02-17,LABOR,16.0,1520.0,0,0.0,0.0,,2026-02-17T17:38:00Z
TXN-50282,PRJ-1007,2026-02-22,2026-02-24,EXPENSE,0.0,492.0,2,-30.0,462.0,INV-9019,2026-02-24T18:29:00Z
TXN-50495,PRJ-1012,2026-01-21,2026-01-22,LABOR,20.0,5000.0,0,0.0,0.0,,2026-01-22T16:56:00Z
TXN-50436,PRJ-1010,2026-03-22,2026-03-22,EXPENSE,0.0,226.0,2,-6.0,220.0,INV-9029,2026-03-22T19:28:00Z
TXN-50798,PRJ-1019,2026-01-27,2026-01-28,EXPENSE,0.0,2184.0,2,145.0,2329.0,INV-9054,2026-01-28T15:26:00Z
TXN-50799,PRJ-1019,2026-01-09,2026-01-09,LABOR,6.0,1500.0,0,0.0,0.0,,2026-01-09T15:26:00Z
TXN-50038,PRJ-1001,2026-03-17,2026-03-19,LABOR,8.0,760.0,0,0.0,0.0,,2026-03-19T14:33:00Z
TXN-50707,PRJ-1017,2026-02-05,2026-02-05,LABOR,8.0,960.0,2,-185.0,775.0,INV-9049,2026-02-05T15:33:00Z
TXN-51179,PRJ-1027,2026-02-08,2026-02-10,LABOR,10.0,2100.0,0,0.0,0.0,,2026-02-10T16:08:00Z
TXN-51441,PRJ-1033,2026-02-27,2026-02-28,LABOR,20.0,1900.0,2,-369.0,1531.0,INV-9093,2026-02-28T19:16:00Z
TXN-50489,PRJ-1012,2026-01-20,2026-01-21,LABOR,12.0,2520.0,2,201.0,2721.0,INV-9033,2026-01-21T14:45:00Z
TXN-51395,PRJ-1032,2026-02-12,2026-02-14,LABOR,18.0,2700.0,2,-475.0,2225.0,INV-9090,2026-02-14T22:50:00Z
TXN-51008,PRJ-1023,2026-03-02,2026-03-03,EXPENSE,0.0,1779.0,0,0.0,0.0,,2026-03-03T14:06:00Z
TXN-50647,PRJ-1015,2026-03-03,2026-03-04,LABOR,22.0,3850.0,0,0.0,0.0,,2026-03-04T20:52:00Z
TXN-50106,PRJ-1003,2026-02-15,2026-02-17,LABOR,12.0,1140.0,0,0.0,0.0,,2026-02-17T14:58:00Z
TXN-51412,PRJ-1032,2026-03-20,2026-03-21,LABOR,12.0,3000.0,0,0.0,0.0,,2026-03-21T20:37:00Z
TXN-50734,PRJ-1017,2026-03-24,2026-03-25,LABOR,6.0,1500.0,2,-166.0,1334.0,INV-9050,2026-03-25T17:15:00Z
TXN-51627,PRJ-1038,2026-01-27,2026-01-27,LABOR,12.0,1440.0,2,-273.0,1167.0,INV-9105,2026-01-27T13:29:00Z
TXN-50126,PRJ-1003,2026-03-06,2026-03-06,LABOR,22.0,3850.0,2,-455.0,3395.0,INV-9008,2026-03-06T15:11:00Z
TXN-51099,PRJ-1025,2026-03-22,2026-03-22,EXPENSE,0.0,1520.0,0,0.0,0.0,,2026-03-22T21:39:00Z
TXN-50976,PRJ-1022,2026-03-20,2026-03-20,LABOR,14.0,1330.0,2,-73.0,1257.0,INV-9064,2026-03-20T20:14:00Z
TXN-51207,PRJ-1028,2026-01-15,2026-01-17,LABOR,4.0,1000.0,0,0.0,0.0,,2026-01-17T20:09:00Z
TXN-51169,PRJ-1027,2026-02-03,2026-02-05,EXPENSE,0.0,873.0,2,50.0,923.0,INV-9076,2026-02-05T14:29:00Z
TXN-51215,PRJ-1028,2026-02-26,2026-02-28,LABOR,8.0,760.0,2,-107.0,653.0,INV-9078,2026-02-28T14:05:00Z
TXN-50385,PRJ-1009,2026-02-24,2026-02-24,LABOR,14.0,1680.0,0,0.0,0.0,,2026-02-24T18:51:00Z
TXN-51595,PRJ-1037,2026-01-11,2026-01-11,LABOR,4.0,1000.0,2,58.0,1058.0,INV-9103,2026-01-11T22:35:00Z
TXN-50162,PRJ-1004,2026-03-06,2026-03-06,LABOR,14.0,2100.0,0,0.0,0.0,,2026-03-06T19:19:00Z
TXN-51646,PRJ-1038,2026-02-02,2026-02-04,LABOR,22.0,3850.0,2,-542.0,3308.0,INV-9106,2026-02-04T21:45:00Z
TXN-51286,PRJ-1029,2026-03-24,2026-03-25,LABOR,8.0,1680.0,0,0.0,0.0,,2026-03-25T21:58:00Z
TXN-50490,PRJ-1012,2026-01-13,2026-01-13,LABOR,20.0,4200.0,2,-737.0,3463.0,INV-9033,2026-01-13T22:53:00Z
TXN-50712,PRJ-1017,2026-02-11,2026-02-11,EXPENSE,0.0,1777.0,0,0.0,0.0,,2026-02-11T22:35:00Z
TXN-50478,PRJ-1011,2026-03-09,2026-03-10,LABOR,16.0,3360.0,2,80.0,3440.0,INV-9032,2026-03-10T21:36:00Z
TXN-51291,PRJ-1029,2026-03-15,2026-03-16,LABOR,18.0,3780.0,2,-690.0,3090.0,INV-9082,2026-03-16T21:20:00Z
TXN-50374,PRJ-1009,2026-02-03,2026-02-05,LABOR,22.0,4620.0,2,137.0,4757.0,INV-9025,2026-02-05T14:44:00Z
TXN-50442,PRJ-1011,2026-01-18,2026-01-20,LABOR,12.0,1140.0,2,-13.0,1127.0,INV-9030,2026-01-20T21:20:00Z
TXN-50632,PRJ-1015,2026-03-20,2026-03-21,LABOR,8.0,1200.0,0,0.0,0.0,,2026-03-21T16:48:00Z
TXN-51086,PRJ-1025,2026-02-19,2026-02-19,LABOR,12.0,3000.0,0,0.0,0.0,,2026-02-19T18:37:00Z
TXN-51066,PRJ-1025,2026-01-13,2026-01-13,LABOR,8.0,960.0,2,27.0,987.0,INV-9070,2026-01-13T17:58:00Z
TXN-51353,PRJ-1031,2026-02-24,2026-02-25,LABOR,16.0,1520.0,2,-254.0,1266.0,INV-9087,2026-02-25T13:36:00Z
TXN-50640,PRJ-1015,2026-03-06,2026-03-06,LABOR,4.0,480.0,0,0.0,0.0,,2026-03-06T16:28:00Z
TXN-51200,PRJ-1028,2026-01-18,2026-01-19,LABOR,6.0,1050.0,2,4.0,1054.0,INV-9077,2026-01-19T18:21:00Z
TXN-51318,PRJ-1030,2026-02-08,2026-02-08,LABOR,14.0,2450.0,2,-40.0,2410.0,INV-9084,2026-02-08T16:57:00Z
TXN-51235,PRJ-1028,2026-03-19,2026-03-19,LABOR,20.0,3500.0,0,0.0,0.0,,2026-03-19T16:20:00Z
TXN-50375,PRJ-1009,2026-02-18,2026-02-18,LABOR,22.0,2640.0,2,-156.0,2484.0,INV-9025,2026-02-18T19:30:00Z
TXN-50724,PRJ-1017,2026-03-23,2026-03-23,LABOR,6.0,570.0,0,0.0,0.0,,2026-03-23T13:04:00Z
TXN-51494,PRJ-1034,2026-02-02,2026-02-03,LABOR,8.0,960.0,0,0.0,0.0,,2026-02-03T14:45:00Z
TXN-50494,PRJ-1012,2026-01-10,2026-01-11,LABOR,16.0,3360.0,0,0.0,0.0,,2026-01-11T22:53:00Z
TXN-51028,PRJ-1024,2026-02-05,2026-02-06,LABOR,14.0,1680.0,2,-31.0,1649.0,INV-9068,2026-02-06T22:03:00Z
TXN-50714,PRJ-1017,2026-02-23,2026-02-23,LABOR,20.0,2400.0,0,0.0,0.0,,2026-02-23T18:48:00Z
TXN-50119,PRJ-1003,2026-03-12,2026-03-13,LABOR,8.0,1400.0,0,0.0,0.0,,2026-03-13T19:07:00Z
TXN-51421,PRJ-1032,2026-03-09,2026-03-09,EXPENSE,0.0,390.0,2,-56.0,334.0,INV-9091,2026-03-09T17:08:00Z
TXN-51655,PRJ-1038,2026-03-03,2026-03-05,LABOR,16.0,2400.0,0,0.0,0.0,,2026-03-05T16:35:00Z
TXN-51713,PRJ-1040,2026-02-13,2026-02-15,LABOR,14.0,2450.0,2,-234.0,2216.0,INV-9110,2026-02-15T17:20:00Z
TXN-50890,PRJ-1021,2026-01-12,2026-01-12,LABOR,8.0,960.0,2,-146.0,814.0,INV-9060,2026-01-12T14:55:00Z
TXN-51569,PRJ-1036,2026-02-03,2026-02-03,LABOR,10.0,1500.0,0,0.0,0.0,,2026-02-03T14:48:00Z
TXN-50415,PRJ-1010,2026-02-11,2026-02-12,EXPENSE,0.0,624.0,2,-48.0,576.0,INV-9028,2026-02-12T16:14:00Z
TXN-51097,PRJ-1025,2026-03-18,2026-03-19,EXPENSE,0.0,534.0,0,0.0,0.0,,2026-03-19T16:03:00Z
TXN-50771,PRJ-1018,2026-03-12,2026-03-13,LABOR,14.0,2940.0,0,0.0,0.0,,2026-03-13T21:25:00Z
TXN-50805,PRJ-1019,2026-02-22,2026-02-24,LABOR,22.0,3850.0,2,-565.0,3285.0,INV-9055,2026-02-24T15:06:00Z
TXN-50949,PRJ-1022,2026-02-24,2026-02-24,LABOR,22.0,5500.0,2,-655.0,4845.0,INV-9063,2026-02-24T18:42:00Z
TXN-51459,PRJ-1033,2026-03-17,2026-03-19,LABOR,6.0,900.0,0,0.0,0.0,,2026-03-19T17:21:00Z
TXN-50573,PRJ-1014,2026-01-17,2026-01-18,LABOR,8.0,760.0,0,0.0,0.0,,2026-01-18T15:27:00Z
TXN-51620,PRJ-1037,2026-03-03,2026-03-03,LABOR,18.0,1710.0,0,0.0,0.0,,2026-03-03T14:55:00Z
TXN-51258,PRJ-1029,2026-01-27,2026-01-29,LABOR,14.0,3500.0,0,0.0,0.0,,2026-01-29T16:39:00Z
TXN-50673,PRJ-1016,2026-02-05,2026-02-07,LABOR,18.0,3150.0,0,0.0,0.0,,2026-02-07T22:00:00Z
TXN-50400,PRJ-1009,2026-03-25,2026-03-25,LABOR,8.0,960.0,2,-43.0,917.0,INV-9026,2026-03-25T15:17:00Z
TXN-50552,PRJ-1013,2026-03-16,2026-03-16,LABOR,22.0,5500.0,0,0.0,0.0,,2026-03-16T14:24:00Z
TXN-50321,PRJ-1008,2026-01-19,2026-01-21,EXPENSE,0.0,178.0,2,-33.0,145.0,INV-9021,2026-01-21T15:21:00Z
TXN-50470,PRJ-1011,2026-03-08,2026-03-08,LABOR,18.0,2160.0,0,0.0,0.0,,2026-03-08T16:16:00Z
TXN-51675,PRJ-1039,2026-01-07,2026-01-08,LABOR,8.0,1200.0,0,0.0,0.0,,2026-01-08T20:57:00Z
TXN-51396,PRJ-1032,2026-02-07,2026-02-08,LABOR,8.0,2000.0,2,-213.0,1787.0,INV-9090,2026-02-08T16:53:00Z
TXN-51067,PRJ-1025,2026-01-20,2026-01-20,LABOR,12.0,1800.0,2,-68.0,1732.0,INV-9070,2026-01-20T17:10:00Z
TXN-51091,PRJ-1025,2026-03-03,2026-03-05,LABOR,6.0,1260.0,0,0.0,0.0,,2026-03-05T18:55:00Z
TXN-50080,PRJ-1002,2026-03-26,2026-03-26,LABOR,8.0,760.0,0,0.0,0.0,,2026-03-26T13:31:00Z
TXN-50534,PRJ-1013,2026-02-15,2026-02-17,LABOR,22.0,5500.0,2,-458.0,5042.0,INV-9037,2026-02-17T14:32:00Z
TXN-50458,PRJ-1011,2026-02-04,2026-02-05,EXPENSE,0.0,1105.0,2,-66.0,1039.0,INV-9031,2026-02-05T22:58:00Z
TXN-50291,PRJ-1007,2026-02-26,2026-02-28,EXPENSE,0.0,1029.0,0,0.0,0.0,,2026-02-28T22:34:00Z
TXN-51298,PRJ-1030,2026-01-11,2026-01-13,LABOR,10.0,1750.0,2,-123.0,1627.0,INV-9083,2026-01-13T18:06:00Z
TXN-50371,PRJ-1009,2026-01-24,2026-01-24,LABOR,8.0,2000.0,0,0.0,0.0,,2026-01-24T21:32:00Z
TXN-50266,PRJ-1007,2026-01-26,2026-01-28,EXPENSE,0.0,1179.0,2,-163.0,1016.0,INV-9018,2026-01-28T14:28:00Z
TXN-51515,PRJ-1035,2026-01-06,2026-01-08,LABOR,16.0,1520.0,2,108.0,1628.0,INV-9098,2026-01-08T14:22:00Z
TXN-50165,PRJ-1004,2026-03-08,2026-03-09,LABOR,4.0,380.0,2,-64.0,316.0,INV-9011,2026-03-09T19:23:00Z
TXN-51516,PRJ-1035,2026-01-19,2026-01-21,LABOR,22.0,3300.0,2,-129.0,3171.0,INV-9098,2026-01-21T13:22:00Z
TXN-50474,PRJ-1011,2026-03-11,2026-03-13,LABOR,18.0,3150.0,0,0.0,0.0,,2026-03-13T22:18:00Z
TXN-50876,PRJ-1020,2026-03-06,2026-03-06,LABOR,16.0,1920.0,0,0.0,0.0,,2026-03-06T21:19:00Z
TXN-50198,PRJ-1005,2026-03-17,2026-03-18,LABOR,22.0,2090.0,0,0.0,0.0,,2026-03-18T14:20:00Z
TXN-50186,PRJ-1005,2026-02-16,2026-02-17,LABOR,10.0,1750.0,2,-72.0,1678.0,INV-9013,2026-02-17T20:16:00Z
TXN-51376,PRJ-1031,2026-03-22,2026-03-23,EXPENSE,0.0,602.0,2,-88.0,514.0,INV-9088,2026-03-23T14:32:00Z
TXN-50422,PRJ-1010,2026-02-26,2026-02-27,LABOR,4.0,1000.0,0,0.0,0.0,,2026-02-27T14:09:00Z
TXN-50257,PRJ-1006,2026-03-21,2026-03-23,LABOR,20.0,2400.0,2,-383.0,2017.0,INV-9017,2026-03-23T21:34:00Z
TXN-50136,PRJ-1004,2026-01-20,2026-01-20,EXPENSE,0.0,2410.0,2,103.0,2513.0,INV-9009,2026-01-20T13:06:00Z
TXN-51611,PRJ-1037,2026-03-02,2026-03-02,EXPENSE,0.0,2434.0,0,0.0,0.0,,2026-03-02T19:36:00Z
TXN-51203,PRJ-1028,2026-01-05,2026-01-07,LABOR,4.0,600.0,2,-55.0,545.0,INV-9077,2026-01-07T22:29:00Z
TXN-51314,PRJ-1030,2026-02-17,2026-02-18,EXPENSE,0.0,2011.0,2,87.0,2098.0,INV-9084,2026-02-18T15:17:00Z
TXN-50867,PRJ-1020,2026-02-23,2026-02-24,LABOR,20.0,4200.0,0,0.0,0.0,,2026-02-24T21:09:00Z
TXN-51295,PRJ-1029,2026-03-13,2026-03-14,LABOR,12.0,2520.0,2,-329.0,2191.0,INV-9082,2026-03-14T16:31:00Z
TXN-51591,PRJ-1037,2026-01-05,2026-01-07,EXPENSE,0.0,2170.0,2,-317.0,1853.0,INV-9103,2026-01-07T22:07:00Z
TXN-51038,PRJ-1024,2026-03-04,2026-03-05,LABOR,6.0,1260.0,0,0.0,0.0,,2026-03-05T21:43:00Z
TXN-51727,PRJ-1040,2026-03-02,2026-03-04,LABOR,18.0,2160.0,0,0.0,0.0,,2026-03-04T22:56:00Z
TXN-50050,PRJ-1002,2026-01-12,2026-01-14,LABOR,10.0,1750.0,0,0.0,0.0,,2026-01-14T19:18:00Z
TXN-50527,PRJ-1013,2026-01-13,2026-01-15,EXPENSE,0.0,316.0,2,-50.0,266.0,INV-9036,2026-01-15T15:34:00Z
TXN-50453,PRJ-1011,2026-02-25,2026-02-25,EXPENSE,0.0,1294.0,2,78.0,1372.0,INV-9031,2026-02-25T19:58:00Z
TXN-51492,PRJ-1034,2026-02-18,2026-02-19,LABOR,20.0,3000.0,2,-75.0,2925.0,INV-9096,2026-02-19T21:21:00Z
TXN-50683,PRJ-1016,2026-03-16,2026-03-18,EXPENSE,0.0,107.0,0,0.0,0.0,,2026-03-18T22:39:00Z
TXN-50463,PRJ-1011,2026-02-09,2026-02-11,LABOR,16.0,2400.0,2,93.0,2493.0,INV-9031,2026-02-11T13:34:00Z
TXN-50936,PRJ-1022,2026-01-04,2026-01-05,LABOR,14.0,1330.0,0,0.0,0.0,,2026-01-05T19:20:00Z
TXN-51157,PRJ-1027,2026-01-08,2026-01-08,EXPENSE,0.0,2409.0,2,-209.0,2200.0,INV-9075,2026-01-08T18:26:00Z
TXN-50648,PRJ-1015,2026-03-05,2026-03-07,LABOR,10.0,950.0,2,-125.0,825.0,INV-9044,2026-03-07T15:51:00Z
TXN-51283,PRJ-1029,2026-03-23,2026-03-23,LABOR,10.0,1200.0,0,0.0,0.0,,2026-03-23T16:02:00Z
TXN-51058,PRJ-1024,2026-03-26,2026-03-26,LABOR,14.0,2100.0,2,-122.0,1978.0,INV-9069,2026-03-26T22:09:00Z
TXN-50860,PRJ-1020,2026-02-17,2026-02-19,LABOR,8.0,760.0,2,51.0,811.0,INV-9058,2026-02-19T14:01:00Z
TXN-50248,PRJ-1006,2026-03-04,2026-03-05,EXPENSE,0.0,773.0,0,0.0,0.0,,2026-03-05T14:56:00Z
TXN-50991,PRJ-1023,2026-02-12,2026-02-13,EXPENSE,0.0,871.0,2,-132.0,739.0,INV-9066,2026-02-13T21:09:00Z
TXN-51664,PRJ-1038,2026-03-25,2026-03-26,EXPENSE,0.0,1297.0,0,0.0,0.0,,2026-03-26T13:33:00Z
TXN-51332,PRJ-1030,2026-03-27,2026-03-28,LABOR,18.0,3150.0,0,0.0,0.0,,2026-03-28T22:48:00Z
TXN-51577,PRJ-1036,2026-03-21,2026-03-23,LABOR,16.0,2800.0,0,0.0,0.0,,2026-03-23T17:17:00Z
TXN-50217,PRJ-1006,2026-01-23,2026-01-25,LABOR,10.0,1750.0,2,-248.0,1502.0,INV-9015,2026-01-25T14:15:00Z
TXN-50163,PRJ-1004,2026-03-26,2026-03-28,LABOR,14.0,1330.0,0,0.0,0.0,,2026-03-28T13:56:00Z
TXN-50544,PRJ-1013,2026-02-15,2026-02-15,LABOR,16.0,1520.0,0,0.0,0.0,,2026-02-15T15:50:00Z
TXN-51313,PRJ-1030,2026-02-26,2026-02-27,LABOR,6.0,1050.0,2,-132.0,918.0,INV-9084,2026-02-27T15:33:00Z
TXN-50439,PRJ-1010,2026-03-27,2026-03-27,LABOR,18.0,4500.0,2,-623.0,3877.0,INV-9029,2026-03-27T14:43:00Z
TXN-50861,PRJ-1020,2026-02-23,2026-02-24,LABOR,14.0,3500.0,2,-1.0,3499.0,INV-9058,2026-02-24T21:27:00Z
TXN-50951,PRJ-1022,2026-02-06,2026-02-08,LABOR,22.0,3850.0,0,0.0,0.0,,2026-02-08T22:54:00Z
TXN-50327,PRJ-1008,2026-01-23,2026-01-23,LABOR,22.0,2640.0,0,0.0,0.0,,2026-01-23T20:56:00Z
TXN-50227,PRJ-1006,2026-01-15,2026-01-16,LABOR,4.0,840.0,0,0.0,0.0,,2026-01-16T22:50:00Z
TXN-51702,PRJ-1040,2026-01-03,2026-01-04,EXPENSE,0.0,598.0,2,13.0,611.0,INV-9109,2026-01-04T22:46:00Z
TXN-50554,PRJ-1013,2026-03-15,2026-03-17,LABOR,14.0,2940.0,0,0.0,0.0,,2026-03-17T21:40:00Z
TXN-50062,PRJ-1002,2026-02-15,2026-02-17,EXPENSE,0.0,2197.0,0,0.0,0.0,,2026-02-17T18:02:00Z
TXN-51360,PRJ-1031,2026-02-06,2026-02-07,LABOR,8.0,960.0,0,0.0,0.0,,2026-02-07T18:14:00Z
TXN-51301,PRJ-1030,2026-01-23,2026-01-25,LABOR,14.0,2100.0,2,-272.0,1828.0,INV-9083,2026-01-25T18:28:00Z
TXN-51725,PRJ-1040,2026-03-02,2026-03-02,LABOR,10.0,2500.0,0,0.0,0.0,,2026-03-02T16:44:00Z
TXN-50156,PRJ-1004,2026-03-08,2026-03-09,EXPENSE,0.0,867.0,0,0.0,0.0,,2026-03-09T16:31:00Z
TXN-51430,PRJ-1033,2026-01-04,2026-01-05,LABOR,22.0,3850.0,2,-224.0,3626.0,INV-9092,2026-01-05T16:52:00Z
TXN-51163,PRJ-1027,2026-01-09,2026-01-09,LABOR,10.0,2500.0,0,0.0,0.0,,2026-01-09T17:51:00Z
TXN-50027,PRJ-1001,2026-03-19,2026-03-20,LABOR,6.0,1050.0,0,0.0,0.0,,2026-03-20T13:38:00Z
TXN-51563,PRJ-1036,2026-02-08,2026-02-08,LABOR,14.0,1330.0,2,-33.0,1297.0,INV-9101,2026-02-08T14:06:00Z
TXN-51683,PRJ-1039,2026-02-05,2026-02-07,LABOR,8.0,1200.0,2,-237.0,963.0,INV-9108,2026-02-07T22:58:00Z
TXN-51454,PRJ-1033,2026-03-21,2026-03-21,LABOR,20.0,1900.0,0,0.0,0.0,,2026-03-21T22:43:00Z
TXN-50349,PRJ-1008,2026-03-22,2026-03-23,LABOR,12.0,2520.0,0,0.0,0.0,,2026-03-23T13:34:00Z
TXN-51603,PRJ-1037,2026-02-27,2026-02-28,EXPENSE,0.0,2182.0,2,-14.0,2168.0,INV-9104,2026-02-28T13:53:00Z
TXN-50167,PRJ-1004,2026-03-07,2026-03-08,LABOR,8.0,760.0,2,32.0,792.0,INV-9011,2026-03-08T14:00:00Z
TXN-51351,PRJ-1031,2026-01-03,2026-01-03,LABOR,6.0,1050.0,0,0.0,0.0,,2026-01-03T19:04:00Z
TXN-51674,PRJ-1039,2026-01-20,2026-01-21,LABOR,16.0,1520.0,0,0.0,0.0,,2026-01-21T20:05:00Z
TXN-50205,PRJ-1005,2026-03-08,2026-03-08,EXPENSE,0.0,793.0,0,0.0,0.0,,2026-03-08T16:52:00Z
TXN-50907,PRJ-1021,2026-02-09,2026-02-10,LABOR,6.0,570.0,2,-86.0,484.0,INV-9061,2026-02-10T17:06:00Z
TXN-50914,PRJ-1021,2026-03-24,2026-03-25,EXPENSE,0.0,2409.0,0,0.0,0.0,,2026-03-25T16:31:00Z
TXN-51602,PRJ-1037,2026-02-25,2026-02-25,LABOR,14.0,2450.0,2,50.0,2500.0,INV-9104,2026-02-25T22:39:00Z
TXN-50187,PRJ-1005,2026-02-21,2026-02-23,LABOR,22.0,5500.0,2,-1081.0,4419.0,INV-9013,2026-02-23T18:02:00Z
TXN-50778,PRJ-1018,2026-03-27,2026-03-28,LABOR,16.0,2800.0,0,0.0,0.0,,2026-03-28T22:43:00Z
TXN-51720,PRJ-1040,2026-02-04,2026-02-04,LABOR,12.0,2520.0,0,0.0,0.0,,2026-02-04T17:35:00Z
TXN-51493,PRJ-1034,2026-02-13,2026-02-15,LABOR,10.0,1500.0,2,-246.0,1254.0,INV-9096,2026-02-15T17:19:00Z
TXN-51034,PRJ-1024,2026-02-19,2026-02-21,LABOR,22.0,2090.0,0,0.0,0.0,,2026-02-21T13:26:00Z
TXN-50011,PRJ-1001,2026-02-25,2026-02-25,LABOR,16.0,1520.0,2,-219.0,1301.0,INV-9002,2026-02-25T21:00:00Z
TXN-51752,PRJ-1005,2026-03-15,2026-03-15,LABOR,16.0,3360.0,2,-1680.0,1680.0,INV-9115,2026-03-15T19:41:00Z
TXN-50556,PRJ-1013,2026-03-23,2026-03-25,LABOR,8.0,1400.0,0,0.0,0.0,,2026-03-25T22:39:00Z
TXN-50290,PRJ-1007,2026-02-26,2026-02-26,LABOR,14.0,3500.0,0,0.0,0.0,,2026-02-26T13:39:00Z
TXN-50428,PRJ-1010,2026-03-21,2026-03-21,LABOR,6.0,900.0,0,0.0,0.0,,2026-03-21T17:42:00Z
TXN-51180,PRJ-1027,2026-02-12,2026-02-13,EXPENSE,0.0,176.0,0,0.0,0.0,,2026-02-13T13:24:00Z
TXN-50122,PRJ-1003,2026-03-12,2026-03-14,LABOR,16.0,3360.0,0,0.0,0.0,,2026-03-14T15:45:00Z
TXN-50657,PRJ-1016,2026-01-19,2026-01-21,EXPENSE,0.0,1667.0,2,-286.0,1381.0,INV-9045,2026-01-21T22:44:00Z
TXN-50152,PRJ-1004,2026-03-25,2026-03-25,LABOR,12.0,1140.0,0,0.0,0.0,,2026-03-25T16:04:00Z
TXN-51356,PRJ-1031,2026-02-23,2026-02-23,LABOR,20.0,5000.0,2,372.0,5372.0,INV-9087,2026-02-23T22:00:00Z
TXN-51292,PRJ-1029,2026-03-21,2026-03-23,LABOR,14.0,2450.0,2,2.0,2452.0,INV-9082,2026-03-23T19:29:00Z
TXN-50131,PRJ-1004,2026-01-11,2026-01-12,LABOR,20.0,3500.0,2,-597.0,2903.0,INV-9009,2026-01-12T13:23:00Z
TXN-50851,PRJ-1020,2026-01-14,2026-01-15,LABOR,16.0,2800.0,0,0.0,0.0,,2026-01-15T17:17:00Z
TXN-50134,PRJ-1004,2026-01-17,2026-01-18,LABOR,4.0,480.0,2,-11.0,469.0,INV-9009,2026-01-18T20:42:00Z
TXN-50001,PRJ-1001,2026-01-22,2026-01-23,EXPENSE,0.0,1142.0,2,-5.0,1137.0,INV-9001,2026-01-23T15:05:00Z
TXN-51277,PRJ-1029,2026-03-27,2026-03-27,LABOR,22.0,4620.0,0,0.0,0.0,,2026-03-27T16:17:00Z
TXN-51413,PRJ-1032,2026-03-25,2026-03-25,LABOR,18.0,3780.0,0,0.0,0.0,,2026-03-25T15:53:00Z
TXN-51357,PRJ-1031,2026-02-05,2026-02-05,LABOR,10.0,1750.0,2,-162.0,1588.0,INV-9087,2026-02-05T13:28:00Z
TXN-50700,PRJ-1017,2026-01-14,2026-01-14,LABOR,20.0,1900.0,0,0.0,0.0,,2026-01-14T20:54:00Z
TXN-51171,PRJ-1027,2026-02-11,2026-02-13,LABOR,18.0,4500.0,2,-676.0,3824.0,INV-9076,2026-02-13T20:34:00Z
TXN-51096,PRJ-1025,2026-03-18,2026-03-19,LABOR,6.0,1500.0,0,0.0,0.0,,2026-03-19T20:58:00Z
TXN-51522,PRJ-1035,2026-01-26,2026-01-27,LABOR,22.0,3850.0,2,-330.0,3520.0,INV-9098,2026-01-27T20:19:00Z
TXN-50323,PRJ-1008,2026-01-15,2026-01-16,LABOR,16.0,2800.0,2,-76.0,2724.0,INV-9021,2026-01-16T21:39:00Z
TXN-50002,PRJ-1001,2026-01-15,2026-01-17,EXPENSE,0.0,1816.0,2,-298.0,1518.0,INV-9001,2026-01-17T20:50:00Z
TXN-51197,PRJ-1028,2026-01-06,2026-01-07,EXPENSE,0.0,1182.0,2,-50.0,1132.0,INV-9077,2026-01-07T17:23:00Z
TXN-50957,PRJ-1022,2026-03-02,2026-03-03,EXPENSE,0.0,643.0,0,0.0,0.0,,2026-03-03T15:47:00Z
TXN-51629,PRJ-1038,2026-01-13,2026-01-13,LABOR,8.0,1400.0,2,67.0,1467.0,INV-9105,2026-01-13T15:25:00Z
TXN-50184,PRJ-1005,2026-02-05,2026-02-05,LABOR,22.0,5500.0,2,-1072.0,4428.0,INV-9013,2026-02-05T13:35:00Z
TXN-51192,PRJ-1027,2026-03-25,2026-03-26,EXPENSE,0.0,2220.0,0,0.0,0.0,,2026-03-26T15:25:00Z
TXN-50307,PRJ-1007,2026-03-07,2026-03-08,EXPENSE,0.0,1084.0,0,0.0,0.0,,2026-03-08T22:14:00Z
TXN-50730,PRJ-1017,2026-03-19,2026-03-20,LABOR,4.0,380.0,0,0.0,0.0,,2026-03-20T13:09:00Z
TXN-51010,PRJ-1023,2026-03-14,2026-03-14,LABOR,10.0,2100.0,0,0.0,0.0,,2026-03-14T22:12:00Z
TXN-50550,PRJ-1013,2026-03-11,2026-03-12,LABOR,22.0,2090.0,0,0.0,0.0,,2026-03-12T15:20:00Z
TXN-50970,PRJ-1022,2026-03-21,2026-03-23,LABOR,8.0,2000.0,0,0.0,0.0,,2026-03-23T19:53:00Z
TXN-51061,PRJ-1025,2026-01-14,2026-01-15,LABOR,18.0,2160.0,2,-36.0,2124.0,INV-9070,2026-01-15T18:18:00Z
TXN-50111,PRJ-1003,2026-03-17,2026-03-19,LABOR,14.0,2450.0,0,0.0,0.0,,2026-03-19T19:18:00Z
TXN-51525,PRJ-1035,2026-01-10,2026-01-11,LABOR,14.0,1680.0,0,0.0,0.0,,2026-01-11T18:41:00Z
TXN-50889,PRJ-1021,2026-01-12,2026-01-12,LABOR,14.0,1680.0,2,-103.0,1577.0,INV-9060,2026-01-12T20:09:00Z
TXN-51333,PRJ-1030,2026-03-03,2026-03-05,EXPENSE,0.0,1308.0,0,0.0,0.0,,2026-03-05T17:04:00Z
TXN-50916,PRJ-1021,2026-03-12,2026-03-13,EXPENSE,0.0,1559.0,0,0.0,0.0,,2026-03-13T14:02:00Z
TXN-51423,PRJ-1032,2026-03-13,2026-03-15,LABOR,4.0,700.0,2,19.0,719.0,INV-9091,2026-03-15T21:09:00Z
TXN-50927,PRJ-1022,2026-01-18,2026-01-19,EXPENSE,0.0,564.0,2,44.0,608.0,INV-9062,2026-01-19T20:15:00Z
TXN-50746,PRJ-1018,2026-01-06,2026-01-08,LABOR,6.0,900.0,2,-33.0,867.0,INV-9051,2026-01-08T21:35:00Z
TXN-50776,PRJ-1018,2026-03-17,2026-03-18,EXPENSE,0.0,392.0,0,0.0,0.0,,2026-03-18T15:43:00Z
TXN-51188,PRJ-1027,2026-03-21,2026-03-21,LABOR,16.0,2400.0,0,0.0,0.0,,2026-03-21T22:24:00Z
TXN-51403,PRJ-1032,2026-03-25,2026-03-25,LABOR,4.0,700.0,0,0.0,0.0,,2026-03-25T13:31:00Z
TXN-50578,PRJ-1014,2026-02-08,2026-02-10,LABOR,16.0,1920.0,2,56.0,1976.0,INV-9040,2026-02-10T21:31:00Z
TXN-50264,PRJ-1007,2026-01-10,2026-01-10,LABOR,4.0,840.0,2,-74.0,766.0,INV-9018,2026-01-10T19:59:00Z
TXN-50303,PRJ-1007,2026-03-26,2026-03-27,LABOR,12.0,2520.0,0,0.0,0.0,,2026-03-27T18:09:00Z
TXN-50928,PRJ-1022,2026-01-09,2026-01-11,LABOR,18.0,2700.0,2,205.0,2905.0,INV-9062,2026-01-11T19:56:00Z
TXN-51338,PRJ-1030,2026-03-20,2026-03-22,EXPENSE,0.0,1330.0,2,-216.0,1114.0,INV-9085,2026-03-22T21:38:00Z
TXN-50150,PRJ-1004,2026-02-18,2026-02-18,LABOR,14.0,1330.0,0,0.0,0.0,,2026-02-18T14:34:00Z
TXN-51244,PRJ-1028,2026-03-19,2026-03-21,LABOR,6.0,1050.0,2,-70.0,980.0,INV-9079,2026-03-21T22:31:00Z
TXN-50072,PRJ-1002,2026-03-13,2026-03-14,LABOR,8.0,960.0,0,0.0,0.0,,2026-03-14T20:56:00Z
TXN-50456,PRJ-1011,2026-02-10,2026-02-10,EXPENSE,0.0,1241.0,2,-83.0,1158.0,INV-9031,2026-02-10T13:07:00Z
TXN-50090,PRJ-1003,2026-01-02,2026-01-02,EXPENSE,0.0,1179.0,2,-138.0,1041.0,INV-9006,2026-01-02T22:27:00Z
TXN-50118,PRJ-1003,2026-03-03,2026-03-05,LABOR,12.0,2520.0,0,0.0,0.0,,2026-03-05T20:51:00Z
TXN-50322,PRJ-1008,2026-01-05,2026-01-07,LABOR,4.0,380.0,2,21.0,401.0,INV-9021,2026-01-07T18:15:00Z
TXN-51653,PRJ-1038,2026-03-04,2026-03-05,LABOR,10.0,1500.0,0,0.0,0.0,,2026-03-05T22:23:00Z
TXN-50460,PRJ-1011,2026-02-12,2026-02-14,LABOR,10.0,1750.0,2,128.0,1878.0,INV-9031,2026-02-14T15:11:00Z
TXN-51737,PRJ-1040,2026-03-21,2026-03-23,EXPENSE,0.0,1752.0,0,0.0,0.0,,2026-03-23T16:17:00Z
TXN-51288,PRJ-1029,2026-03-19,2026-03-20,LABOR,6.0,1500.0,0,0.0,0.0,,2026-03-20T20:06:00Z
TXN-50242,PRJ-1006,2026-03-23,2026-03-25,LABOR,22.0,5500.0,0,0.0,0.0,,2026-03-25T20:13:00Z
TXN-50699,PRJ-1017,2026-01-06,2026-01-07,LABOR,20.0,1900.0,0,0.0,0.0,,2026-01-07T16:11:00Z
TXN-50842,PRJ-1020,2026-01-15,2026-01-15,LABOR,16.0,3360.0,2,-464.0,2896.0,INV-9057,2026-01-15T19:19:00Z
TXN-51271,PRJ-1029,2026-02-24,2026-02-26,LABOR,16.0,2400.0,0,0.0,0.0,,2026-02-26T22:18:00Z
TXN-50703,PRJ-1017,2026-02-22,2026-02-23,EXPENSE,0.0,1673.0,2,-2.0,1671.0,INV-9049,2026-02-23T19:33:00Z
TXN-51393,PRJ-1032,2026-02-23,2026-02-24,LABOR,16.0,2800.0,2,-540.0,2260.0,INV-9090,2026-02-24T13:02:00Z
TXN-50585,PRJ-1014,2026-02-21,2026-02-23,EXPENSE,0.0,1471.0,0,0.0,0.0,,2026-02-23T15:17:00Z
TXN-50980,PRJ-1023,2026-01-21,2026-01-21,LABOR,16.0,1520.0,2,12.0,1532.0,INV-9065,2026-01-21T15:09:00Z
TXN-50693,PRJ-1017,2026-01-10,2026-01-12,LABOR,10.0,950.0,2,-139.0,811.0,INV-9048,2026-01-12T14:16:00Z
TXN-50271,PRJ-1007,2026-01-16,2026-01-17,LABOR,16.0,2400.0,2,-337.0,2063.0,INV-9018,2026-01-17T13:35:00Z
TXN-51136,PRJ-1026,2026-02-16,2026-02-16,LABOR,8.0,1400.0,0,0.0,0.0,,2026-02-16T20:33:00Z
TXN-50596,PRJ-1014,2026-03-09,2026-03-11,LABOR,18.0,3780.0,0,0.0,0.0,,2026-03-11T19:10:00Z
TXN-50786,PRJ-1018,2026-03-09,2026-03-11,LABOR,18.0,3150.0,2,-494.0,2656.0,INV-9053,2026-03-11T15:18:00Z
TXN-50497,PRJ-1012,2026-02-16,2026-02-16,LABOR,6.0,720.0,2,-91.0,629.0,INV-9034,2026-02-16T16:37:00Z
TXN-50221,PRJ-1006,2026-01-19,2026-01-20,LABOR,22.0,3300.0,2,74.0,3374.0,INV-9015,2026-01-20T19:37:00Z
TXN-51491,PRJ-1034,2026-02-05,2026-02-05,EXPENSE,0.0,2217.0,2,-52.0,2165.0,INV-9096,2026-02-05T16:02:00Z
TXN-50878,PRJ-1020,2026-03-04,2026-03-05,EXPENSE,0.0,1608.0,0,0.0,0.0,,2026-03-05T22:45:00Z
TXN-50921,PRJ-1021,2026-03-15,2026-03-17,LABOR,4.0,700.0,0,0.0,0.0,,2026-03-17T17:25:00Z
TXN-51268,PRJ-1029,2026-02-27,2026-02-28,LABOR,16.0,2400.0,2,75.0,2475.0,INV-9081,2026-02-28T14:13:00Z
TXN-50985,PRJ-1023,2026-01-11,2026-01-13,LABOR,14.0,2940.0,2,-393.0,2547.0,INV-9065,2026-01-13T21:18:00Z
TXN-51347,PRJ-1031,2026-01-10,2026-01-12,LABOR,20.0,4200.0,0,0.0,0.0,,2026-01-12T15:01:00Z
TXN-51162,PRJ-1027,2026-01-20,2026-01-20,LABOR,18.0,2700.0,2,-113.0,2587.0,INV-9075,2026-01-20T15:08:00Z
TXN-50313,PRJ-1007,2026-03-25,2026-03-27,LABOR,14.0,2940.0,2,-536.0,2404.0,INV-9020,2026-03-27T17:10:00Z
TXN-51428,PRJ-1033,2026-01-19,2026-01-20,LABOR,18.0,4500.0,2,-756.0,3744.0,INV-9092,2026-01-20T13:13:00Z
TXN-50508,PRJ-1012,2026-03-09,2026-03-10,LABOR,8.0,760.0,0,0.0,0.0,,2026-03-10T20:37:00Z
TXN-51487,PRJ-1034,2026-02-13,2026-02-15,EXPENSE,0.0,222.0,2,6.0,228.0,INV-9096,2026-02-15T16:27:00Z
TXN-50394,PRJ-1009,2026-03-27,2026-03-27,LABOR,4.0,700.0,0,0.0,0.0,,2026-03-27T21:44:00Z
TXN-50410,PRJ-1010,2026-01-07,2026-01-07,LABOR,10.0,1500.0,2,19.0,1519.0,INV-9027,2026-01-07T14:13:00Z
TXN-50678,PRJ-1016,2026-03-17,2026-03-18,LABOR,12.0,2100.0,0,0.0,0.0,,2026-03-18T14:09:00Z
TXN-50953,PRJ-1022,2026-02-17,2026-02-18,LABOR,20.0,2400.0,0,0.0,0.0,,2026-02-18T17:10:00Z
TXN-51671,PRJ-1039,2026-01-20,2026-01-22,EXPENSE,0.0,1320.0,2,-15.0,1305.0,INV-9107,2026-01-22T22:21:00Z
TXN-50329,PRJ-1008,2026-02-13,2026-02-13,LABOR,22.0,3850.0,2,-315.0,3535.0,INV-9022,2026-02-13T17:58:00Z
TXN-51037,PRJ-1024,2026-03-02,2026-03-04,LABOR,8.0,1680.0,0,0.0,0.0,,2026-03-04T14:02:00Z
TXN-50086,PRJ-1002,2026-03-10,2026-03-10,LABOR,6.0,570.0,2,-44.0,526.0,INV-9005,2026-03-10T22:44:00Z
TXN-50084,PRJ-1002,2026-03-19,2026-03-21,EXPENSE,0.0,1093.0,2,-13.0,1080.0,INV-9005,2026-03-21T20:20:00Z
TXN-50207,PRJ-1005,2026-03-12,2026-03-12,LABOR,8.0,1400.0,2,-242.0,1158.0,INV-9014,2026-03-12T21:50:00Z
TXN-50104,PRJ-1003,2026-02-13,2026-02-13,EXPENSE,0.0,1389.0,2,-53.0,1336.0,INV-9007,2026-02-13T16:32:00Z
TXN-51219,PRJ-1028,2026-02-19,2026-02-21,LABOR,8.0,1200.0,0,0.0,0.0,,2026-02-21T21:21:00Z
TXN-50735,PRJ-1017,2026-03-24,2026-03-26,LABOR,10.0,950.0,2,-174.0,776.0,INV-9050,2026-03-26T15:01:00Z
TXN-51205,PRJ-1028,2026-01-09,2026-01-11,EXPENSE,0.0,435.0,2,-43.0,392.0,INV-9077,2026-01-11T19:00:00Z
TXN-50695,PRJ-1017,2026-01-25,2026-01-26,LABOR,4.0,480.0,2,6.0,486.0,INV-9048,2026-01-26T20:34:00Z
TXN-51190,PRJ-1027,2026-03-26,2026-03-27,LABOR,14.0,2450.0,0,0.0,0.0,,2026-03-27T16:17:00Z
TXN-50498,PRJ-1012,2026-02-10,2026-02-11,LABOR,16.0,2800.0,2,45.0,2845.0,INV-9034,2026-02-11T13:22:00Z
TXN-51166,PRJ-1027,2026-01-22,2026-01-23,EXPENSE,0.0,1899.0,0,0.0,0.0,,2026-01-23T22:36:00Z
TXN-50328,PRJ-1008,2026-02-06,2026-02-08,LABOR,6.0,1050.0,2,-61.0,989.0,INV-9022,2026-02-08T18:56:00Z
TXN-51749,PRJ-1019,2026-03-21,2026-03-21,LABOR,20.0,3500.0,2,-361.0,3139.0,INV-9113,2026-03-21T19:41:00Z
TXN-50661,PRJ-1016,2026-01-07,2026-01-09,EXPENSE,0.0,502.0,2,-61.0,441.0,INV-9045,2026-01-09T19:44:00Z
TXN-50347,PRJ-1008,2026-03-11,2026-03-12,LABOR,4.0,1000.0,0,0.0,0.0,,2026-03-12T19:59:00Z
TXN-50211,PRJ-1005,2026-03-26,2026-03-27,EXPENSE,0.0,371.0,2,-64.0,307.0,INV-9014,2026-03-27T16:15:00Z
TXN-50568,PRJ-1014,2026-01-17,2026-01-19,LABOR,8.0,1400.0,2,-43.0,1357.0,INV-9039,2026-01-19T16:23:00Z
TXN-50143,PRJ-1004,2026-02-19,2026-02-21,EXPENSE,0.0,1806.0,2,76.0,1882.0,INV-9010,2026-02-21T20:44:00Z
TXN-50515,PRJ-1012,2026-03-26,2026-03-26,LABOR,18.0,1710.0,0,0.0,0.0,,2026-03-26T15:15:00Z
TXN-51029,PRJ-1024,2026-02-24,2026-02-25,LABOR,6.0,720.0,2,-99.0,621.0,INV-9068,2026-02-25T18:12:00Z
TXN-51069,PRJ-1025,2026-01-02,2026-01-02,LABOR,8.0,2000.0,2,-91.0,1909.0,INV-9070,2026-01-02T18:21:00Z
TXN-50865,PRJ-1020,2026-02-05,2026-02-06,LABOR,6.0,1260.0,0,0.0,0.0,,2026-02-06T21:45:00Z
TXN-50892,PRJ-1021,2026-01-04,2026-01-04,LABOR,18.0,4500.0,0,0.0,0.0,,2026-01-04T14:24:00Z
TXN-51227,PRJ-1028,2026-03-03,2026-03-03,EXPENSE,0.0,2332.0,0,0.0,0.0,,2026-03-03T16:08:00Z
TXN-50815,PRJ-1019,2026-02-22,2026-02-24,LABOR,20.0,5000.0,0,0.0,0.0,,2026-02-24T18:17:00Z
TXN-51326,PRJ-1030,2026-03-12,2026-03-13,LABOR,4.0,600.0,0,0.0,0.0,,2026-03-13T22:10:00Z
TXN-50564,PRJ-1013,2026-02-10,2026-02-12,LABOR,8.0,2000.0,1,0.0,0.0,,2026-02-12T16:02:00Z
TXN-51293,PRJ-1029,2026-03-15,2026-03-16,LABOR,18.0,2700.0,2,-275.0,2425.0,INV-9082,2026-03-16T15:18:00Z
TXN-50372,PRJ-1009,2026-01-09,2026-01-09,EXPENSE,0.0,1577.0,0,0.0,0.0,,2026-01-09T19:07:00Z
TXN-51182,PRJ-1027,2026-03-03,2026-03-04,LABOR,6.0,1500.0,0,0.0,0.0,,2026-03-04T19:15:00Z
TXN-51012,PRJ-1023,2026-03-19,2026-03-19,LABOR,4.0,600.0,0,0.0,0.0,,2026-03-19T15:09:00Z
TXN-50891,PRJ-1021,2026-01-16,2026-01-16,LABOR,8.0,1400.0,2,-182.0,1218.0,INV-9060,2026-01-16T21:27:00Z
TXN-51757,PRJ-1024,2026-03-06,2026-03-06,LABOR,20.0,3500.0,1,0.0,0.0,,2026-03-06T13:58:00Z
TXN-50684,PRJ-1016,2026-03-10,2026-03-10,LABOR,16.0,3360.0,0,0.0,0.0,,2026-03-10T15:14:00Z
TXN-50633,PRJ-1015,2026-03-12,2026-03-12,EXPENSE,0.0,742.0,0,0.0,0.0,,2026-03-12T22:27:00Z
TXN-50195,PRJ-1005,2026-03-21,2026-03-22,EXPENSE,0.0,135.0,0,0.0,0.0,,2026-03-22T22:22:00Z
TXN-50514,PRJ-1012,2026-03-21,2026-03-23,EXPENSE,0.0,1281.0,0,0.0,0.0,,2026-03-23T21:01:00Z
TXN-50210,PRJ-1005,2026-03-23,2026-03-24,EXPENSE,0.0,152.0,2,-22.0,130.0,INV-9014,2026-03-24T20:36:00Z
TXN-51001,PRJ-1023,2026-03-12,2026-03-14,LABOR,18.0,3150.0,0,0.0,0.0,,2026-03-14T20:30:00Z
TXN-51187,PRJ-1027,2026-03-17,2026-03-19,LABOR,8.0,1680.0,0,0.0,0.0,,2026-03-19T20:45:00Z
TXN-50636,PRJ-1015,2026-03-12,2026-03-14,LABOR,6.0,1050.0,0,0.0,0.0,,2026-03-14T18:17:00Z
TXN-51446,PRJ-1033,2026-02-17,2026-02-19,EXPENSE,0.0,1472.0,0,0.0,0.0,,2026-02-19T13:08:00Z
TXN-50088,PRJ-1003,2026-01-11,2026-01-12,LABOR,22.0,5500.0,2,-918.0,4582.0,INV-9006,2026-01-12T22:16:00Z
TXN-51381,PRJ-1032,2026-01-09,2026-01-09,LABOR,10.0,2100.0,2,-305.0,1795.0,INV-9089,2026-01-09T18:26:00Z
TXN-50910,PRJ-1021,2026-02-13,2026-02-13,LABOR,12.0,2100.0,0,0.0,0.0,,2026-02-13T17:18:00Z
TXN-50191,PRJ-1005,2026-02-08,2026-02-08,LABOR,20.0,4200.0,0,0.0,0.0,,2026-02-08T19:52:00Z
TXN-50179,PRJ-1005,2026-02-06,2026-02-07,LABOR,18.0,2160.0,2,-240.0,1920.0,INV-9013,2026-02-07T20:07:00Z
TXN-50557,PRJ-1013,2026-03-26,2026-03-26,LABOR,14.0,3500.0,0,0.0,0.0,,2026-03-26T17:40:00Z
TXN-51331,PRJ-1030,2026-03-18,2026-03-18,LABOR,16.0,4000.0,0,0.0,0.0,,2026-03-18T17:54:00Z
TXN-51768,PRJ-1029,2026-03-30,2026-04-02,LABOR,22.0,3850.0,0,0.0,0.0,,2026-04-02T16:11:00Z
TXN-51309,PRJ-1030,2026-02-24,2026-02-25,LABOR,14.0,3500.0,2,-673.0,2827.0,INV-9084,2026-02-25T19:46:00Z
TXN-50745,PRJ-1018,2026-01-07,2026-01-08,LABOR,14.0,2450.0,2,-160.0,2290.0,INV-9051,2026-01-08T18:40:00Z
TXN-51129,PRJ-1026,2026-02-09,2026-02-11,EXPENSE,0.0,1077.0,2,-112.0,965.0,INV-9074,2026-02-11T17:21:00Z
TXN-51299,PRJ-1030,2026-01-25,2026-01-27,LABOR,22.0,4620.0,2,92.0,4712.0,INV-9083,2026-01-27T14:40:00Z
TXN-51098,PRJ-1025,2026-03-08,2026-03-09,EXPENSE,0.0,2339.0,0,0.0,0.0,,2026-03-09T18:33:00Z
TXN-50512,PRJ-1012,2026-03-25,2026-03-26,LABOR,22.0,3300.0,0,0.0,0.0,,2026-03-26T16:00:00Z
TXN-51473,PRJ-1034,2026-01-15,2026-01-16,LABOR,10.0,2100.0,2,-22.0,2078.0,INV-9095,2026-01-16T19:03:00Z
TXN-50472,PRJ-1011,2026-03-12,2026-03-13,LABOR,10.0,1200.0,0,0.0,0.0,,2026-03-13T16:05:00Z
TXN-50399,PRJ-1009,2026-03-04,2026-03-06,LABOR,18.0,3780.0,2,-27.0,3753.0,INV-9026,2026-03-06T15:39:00Z
TXN-50036,PRJ-1001,2026-03-09,2026-03-10,LABOR,16.0,3360.0,0,0.0,0.0,,2026-03-10T14:16:00Z
TXN-50206,PRJ-1005,2026-03-22,2026-03-24,EXPENSE,0.0,1565.0,0,0.0,0.0,,2026-03-24T22:21:00Z
TXN-50609,PRJ-1015,2026-01-21,2026-01-23,EXPENSE,0.0,952.0,2,-135.0,817.0,INV-9042,2026-01-23T20:11:00Z
TXN-51705,PRJ-1040,2026-01-12,2026-01-13,LABOR,14.0,3500.0,2,-530.0,2970.0,INV-9109,2026-01-13T20:56:00Z
TXN-51541,PRJ-1035,2026-03-09,2026-03-11,LABOR,4.0,840.0,0,0.0,0.0,,2026-03-11T13:54:00Z
TXN-51068,PRJ-1025,2026-01-15,2026-01-15,LABOR,16.0,2400.0,2,-192.0,2208.0,INV-9070,2026-01-15T22:01:00Z
TXN-51173,PRJ-1027,2026-02-07,2026-02-09,EXPENSE,0.0,351.0,2,-16.0,335.0,INV-9076,2026-02-09T21:18:00Z
TXN-50430,PRJ-1010,2026-03-18,2026-03-20,EXPENSE,0.0,616.0,0,0.0,0.0,,2026-03-20T20:02:00Z
TXN-51461,PRJ-1033,2026-03-21,2026-03-22,LABOR,18.0,4500.0,2,-19.0,4481.0,INV-9094,2026-03-22T13:31:00Z
TXN-50229,PRJ-1006,2026-02-13,2026-02-14,LABOR,6.0,720.0,2,47.0,767.0,INV-9016,2026-02-14T20:21:00Z
TXN-51004,PRJ-1023,2026-03-21,2026-03-21,LABOR,22.0,4620.0,0,0.0,0.0,,2026-03-21T22:51:00Z
TXN-51030,PRJ-1024,2026-02-05,2026-02-05,LABOR,12.0,1140.0,2,-141.0,999.0,INV-9068,2026-02-05T18:59:00Z
TXN-51732,PRJ-1040,2026-03-27,2026-03-28,EXPENSE,0.0,1757.0,0,0.0,0.0,,2026-03-28T19:32:00Z
TXN-51764,PRJ-1016,2026-03-28,2026-04-03,LABOR,14.0,2450.0,0,0.0,0.0,,2026-04-03T20:39:00Z
TXN-51596,PRJ-1037,2026-01-10,2026-01-11,LABOR,8.0,1200.0,2,-120.0,1080.0,INV-9103,2026-01-11T19:13:00Z
TXN-50728,PRJ-1017,2026-03-18,2026-03-20,LABOR,18.0,3150.0,0,0.0,0.0,,2026-03-20T21:10:00Z
TXN-50319,PRJ-1008,2026-01-20,2026-01-21,EXPENSE,0.0,2101.0,2,-400.0,1701.0,INV-9021,2026-01-21T19:18:00Z
TXN-50630,PRJ-1015,2026-02-22,2026-02-23,LABOR,12.0,2520.0,0,0.0,0.0,,2026-02-23T15:45:00Z
TXN-50926,PRJ-1021,2026-01-18,2026-01-18,LABOR,8.0,2000.0,1,0.0,0.0,,2026-01-18T17:23:00Z
TXN-50894,PRJ-1021,2026-01-13,2026-01-14,LABOR,16.0,2400.0,0,0.0,0.0,,2026-01-14T19:54:00Z
TXN-51020,PRJ-1024,2026-01-27,2026-01-29,LABOR,12.0,1440.0,2,106.0,1546.0,INV-9067,2026-01-29T21:26:00Z
TXN-51633,PRJ-1038,2026-01-14,2026-01-15,LABOR,8.0,760.0,0,0.0,0.0,,2026-01-15T13:37:00Z
TXN-50035,PRJ-1001,2026-03-02,2026-03-03,EXPENSE,0.0,2079.0,0,0.0,0.0,,2026-03-03T18:08:00Z
TXN-50076,PRJ-1002,2026-03-17,2026-03-19,EXPENSE,0.0,2303.0,0,0.0,0.0,,2026-03-19T14:57:00Z
TXN-50174,PRJ-1005,2026-01-09,2026-01-11,LABOR,12.0,1140.0,2,19.0,1159.0,INV-9012,2026-01-11T22:51:00Z
TXN-51619,PRJ-1037,2026-03-11,2026-03-12,LABOR,12.0,2520.0,0,0.0,0.0,,2026-03-12T14:43:00Z
TXN-51076,PRJ-1025,2026-02-05,2026-02-05,LABOR,16.0,3360.0,2,-482.0,2878.0,INV-9071,2026-02-05T20:22:00Z
TXN-51424,PRJ-1032,2026-03-10,2026-03-10,LABOR,4.0,700.0,2,-102.0,598.0,INV-9091,2026-03-10T14:43:00Z
TXN-51575,PRJ-1036,2026-03-21,2026-03-21,LABOR,18.0,1710.0,0,0.0,0.0,,2026-03-21T14:58:00Z
TXN-51690,PRJ-1039,2026-03-02,2026-03-03,LABOR,12.0,3000.0,0,0.0,0.0,,2026-03-03T13:59:00Z
TXN-50748,PRJ-1018,2026-01-11,2026-01-12,EXPENSE,0.0,1357.0,2,54.0,1411.0,INV-9051,2026-01-12T13:00:00Z
TXN-51245,PRJ-1028,2026-03-13,2026-03-15,LABOR,12.0,2100.0,1,0.0,0.0,,2026-03-15T13:03:00Z
TXN-51637,PRJ-1038,2026-01-11,2026-01-13,LABOR,6.0,570.0,0,0.0,0.0,,2026-01-13T22:10:00Z
TXN-50509,PRJ-1012,2026-03-03,2026-03-05,LABOR,4.0,1000.0,0,0.0,0.0,,2026-03-05T22:18:00Z
TXN-50711,PRJ-1017,2026-02-02,2026-02-02,LABOR,4.0,1000.0,0,0.0,0.0,,2026-02-02T13:37:00Z
TXN-51523,PRJ-1035,2026-01-05,2026-01-05,LABOR,10.0,1200.0,2,-168.0,1032.0,INV-9098,2026-01-05T16:13:00Z
TXN-50608,PRJ-1015,2026-01-20,2026-01-20,LABOR,14.0,1680.0,2,-254.0,1426.0,INV-9042,2026-01-20T21:12:00Z
TXN-50388,PRJ-1009,2026-03-10,2026-03-12,LABOR,6.0,1050.0,0,0.0,0.0,,2026-03-12T16:44:00Z
TXN-51118,PRJ-1026,2026-01-24,2026-01-26,LABOR,18.0,2160.0,0,0.0,0.0,,2026-01-26T14:10:00Z
TXN-51736,PRJ-1040,2026-03-18,2026-03-20,LABOR,16.0,2400.0,0,0.0,0.0,,2026-03-20T14:13:00Z
TXN-50752,PRJ-1018,2026-01-26,2026-01-28,LABOR,6.0,720.0,0,0.0,0.0,,2026-01-28T21:08:00Z
TXN-50912,PRJ-1021,2026-03-25,2026-03-26,LABOR,14.0,2450.0,0,0.0,0.0,,2026-03-26T21:53:00Z
TXN-50149,PRJ-1004,2026-02-10,2026-02-11,EXPENSE,0.0,1816.0,0,0.0,0.0,,2026-02-11T18:59:00Z
TXN-50754,PRJ-1018,2026-02-24,2026-02-26,LABOR,18.0,1710.0,2,-11.0,1699.0,INV-9052,2026-02-26T17:38:00Z
TXN-50403,PRJ-1010,2026-01-10,2026-01-11,LABOR,18.0,2160.0,2,70.0,2230.0,INV-9027,2026-01-11T17:32:00Z
TXN-51274,PRJ-1029,2026-02-27,2026-02-28,EXPENSE,0.0,486.0,0,0.0,0.0,,2026-02-28T16:14:00Z
TXN-50341,PRJ-1008,2026-02-20,2026-02-20,LABOR,4.0,480.0,0,0.0,0.0,,2026-02-20T20:34:00Z
TXN-51460,PRJ-1033,2026-03-04,2026-03-04,EXPENSE,0.0,1527.0,0,0.0,0.0,,2026-03-04T17:55:00Z
TXN-50988,PRJ-1023,2026-01-14,2026-01-15,LABOR,18.0,1710.0,0,0.0,0.0,,2026-01-15T14:50:00Z
TXN-50201,PRJ-1005,2026-03-07,2026-03-07,EXPENSE,0.0,1493.0,0,0.0,0.0,,2026-03-07T21:20:00Z
TXN-51116,PRJ-1026,2026-01-04,2026-01-04,EXPENSE,0.0,244.0,2,-13.0,231.0,INV-9073,2026-01-04T13:18:00Z
TXN-50733,PRJ-1017,2026-03-17,2026-03-18,LABOR,12.0,1140.0,0,0.0,0.0,,2026-03-18T22:22:00Z
TXN-50541,PRJ-1013,2026-02-07,2026-02-09,LABOR,14.0,3500.0,2,-652.0,2848.0,INV-9037,2026-02-09T18:28:00Z
TXN-50692,PRJ-1017,2026-01-06,2026-01-08,LABOR,16.0,4000.0,2,-618.0,3382.0,INV-9048,2026-01-08T15:55:00Z
TXN-50610,PRJ-1015,2026-01-22,2026-01-23,LABOR,22.0,2640.0,2,7.0,2647.0,INV-9042,2026-01-23T18:50:00Z
TXN-51750,PRJ-1035,2026-03-11,2026-03-11,LABOR,22.0,3850.0,2,-615.0,3235.0,INV-9114,2026-03-11T17:44:00Z
TXN-50956,PRJ-1022,2026-02-05,2026-02-06,LABOR,14.0,2940.0,0,0.0,0.0,,2026-02-06T22:00:00Z
TXN-50281,PRJ-1007,2026-02-03,2026-02-03,LABOR,12.0,1800.0,2,-69.0,1731.0,INV-9019,2026-02-03T22:54:00Z
TXN-50411,PRJ-1010,2026-01-25,2026-01-27,EXPENSE,0.0,1290.0,0,0.0,0.0,,2026-01-27T17:50:00Z
TXN-51394,PRJ-1032,2026-02-12,2026-02-14,LABOR,16.0,2800.0,2,28.0,2828.0,INV-9090,2026-02-14T17:03:00Z
TXN-51514,PRJ-1035,2026-01-06,2026-01-07,LABOR,8.0,760.0,2,-45.0,715.0,INV-9098,2026-01-07T14:23:00Z
TXN-51382,PRJ-1032,2026-01-12,2026-01-13,LABOR,8.0,1400.0,2,-223.0,1177.0,INV-9089,2026-01-13T18:30:00Z
TXN-50688,PRJ-1016,2026-03-03,2026-03-03,LABOR,4.0,700.0,2,-107.0,593.0,INV-9047,2026-03-03T15:56:00Z
TXN-50336,PRJ-1008,2026-02-12,2026-02-12,LABOR,6.0,1260.0,2,64.0,1324.0,INV-9022,2026-02-12T20:16:00Z
TXN-50643,PRJ-1015,2026-03-18,2026-03-19,EXPENSE,0.0,1556.0,0,0.0,0.0,,2026-03-19T20:05:00Z
TXN-50315,PRJ-1007,2026-03-04,2026-03-06,LABOR,20.0,3500.0,2,256.0,3756.0,INV-9020,2026-03-06T21:37:00Z
TXN-50783,PRJ-1018,2026-03-15,2026-03-16,EXPENSE,0.0,2117.0,0,0.0,0.0,,2026-03-16T14:35:00Z
TXN-51392,PRJ-1032,2026-02-23,2026-02-23,EXPENSE,0.0,260.0,2,-49.0,211.0,INV-9090,2026-02-23T14:01:00Z
TXN-51697,PRJ-1039,2026-03-03,2026-03-04,LABOR,20.0,3500.0,0,0.0,0.0,,2026-03-04T20:56:00Z
TXN-51693,PRJ-1039,2026-03-09,2026-03-10,EXPENSE,0.0,903.0,0,0.0,0.0,,2026-03-10T15:30:00Z
TXN-51275,PRJ-1029,2026-03-02,2026-03-03,EXPENSE,0.0,822.0,0,0.0,0.0,,2026-03-03T21:21:00Z
TXN-51539,PRJ-1035,2026-03-07,2026-03-07,LABOR,14.0,3500.0,0,0.0,0.0,,2026-03-07T14:18:00Z
TXN-50093,PRJ-1003,2026-01-04,2026-01-05,LABOR,22.0,2090.0,2,-365.0,1725.0,INV-9006,2026-01-05T19:40:00Z
TXN-50835,PRJ-1019,2026-03-21,2026-03-22,EXPENSE,0.0,1607.0,0,0.0,0.0,,2026-03-22T17:22:00Z
TXN-50593,PRJ-1014,2026-03-12,2026-03-13,LABOR,12.0,1440.0,0,0.0,0.0,,2026-03-13T18:07:00Z
TXN-51735,PRJ-1040,2026-03-25,2026-03-27,LABOR,4.0,480.0,0,0.0,0.0,,2026-03-27T22:11:00Z
TXN-50395,PRJ-1009,2026-03-17,2026-03-17,LABOR,18.0,2700.0,0,0.0,0.0,,2026-03-17T21:18:00Z
TXN-51526,PRJ-1035,2026-02-14,2026-02-15,LABOR,14.0,2940.0,2,-121.0,2819.0,INV-9099,2026-02-15T16:26:00Z
TXN-51070,PRJ-1025,2026-01-13,2026-01-13,LABOR,10.0,2100.0,0,0.0,0.0,,2026-01-13T22:24:00Z
TXN-50576,PRJ-1014,2026-02-26,2026-02-28,EXPENSE,0.0,1135.0,2,-15.0,1120.0,INV-9040,2026-02-28T17:31:00Z
TXN-50574,PRJ-1014,2026-01-04,2026-01-05,EXPENSE,0.0,1622.0,0,0.0,0.0,,2026-01-05T21:46:00Z
TXN-51631,PRJ-1038,2026-01-14,2026-01-14,EXPENSE,0.0,399.0,2,-19.0,380.0,INV-9105,2026-01-14T17:17:00Z
TXN-51303,PRJ-1030,2026-01-10,2026-01-11,LABOR,20.0,1900.0,2,-276.0,1624.0,INV-9083,2026-01-11T14:36:00Z
TXN-50736,PRJ-1017,2026-03-14,2026-03-15,LABOR,6.0,1500.0,2,94.0,1594.0,INV-9050,2026-03-15T18:32:00Z
TXN-51581,PRJ-1036,2026-03-05,2026-03-07,LABOR,22.0,4620.0,0,0.0,0.0,,2026-03-07T19:03:00Z
TXN-50280,PRJ-1007,2026-02-27,2026-02-28,EXPENSE,0.0,1754.0,2,139.0,1893.0,INV-9019,2026-02-28T18:26:00Z
TXN-50338,PRJ-1008,2026-02-09,2026-02-09,EXPENSE,0.0,1361.0,2,18.0,1379.0,INV-9022,2026-02-09T14:42:00Z
TXN-50228,PRJ-1006,2026-02-03,2026-02-05,EXPENSE,0.0,1168.0,2,12.0,1180.0,INV-9016,2026-02-05T15:59:00Z
TXN-50009,PRJ-1001,2026-02-14,2026-02-14,LABOR,8.0,2000.0,2,66.0,2066.0,INV-9002,2026-02-14T17:37:00Z
TXN-51110,PRJ-1026,2026-01-15,2026-01-16,EXPENSE,0.0,1626.0,2,-305.0,1321.0,INV-9073,2026-01-16T14:39:00Z
TXN-51527,PRJ-1035,2026-02-05,2026-02-06,LABOR,12.0,2100.0,2,-405.0,1695.0,INV-9099,2026-02-06T21:19:00Z
TXN-51383,PRJ-1032,2026-01-18,2026-01-18,LABOR,6.0,720.0,2,-53.0,667.0,INV-9089,2026-01-18T17:26:00Z
TXN-50069,PRJ-1002,2026-03-27,2026-03-29,LABOR,18.0,2700.0,0,0.0,0.0,,2026-03-29T19:38:00Z
TXN-51618,PRJ-1037,2026-03-08,2026-03-10,EXPENSE,0.0,1797.0,0,0.0,0.0,,2026-03-10T13:23:00Z
TXN-51121,PRJ-1026,2026-01-07,2026-01-09,LABOR,12.0,2520.0,0,0.0,0.0,,2026-01-09T14:32:00Z
TXN-51366,PRJ-1031,2026-03-21,2026-03-21,EXPENSE,0.0,2056.0,0,0.0,0.0,,2026-03-21T20:45:00Z
TXN-51146,PRJ-1026,2026-03-27,2026-03-28,LABOR,22.0,5500.0,0,0.0,0.0,,2026-03-28T17:36:00Z
TXN-51181,PRJ-1027,2026-02-21,2026-02-21,LABOR,18.0,3150.0,0,0.0,0.0,,2026-02-21T21:51:00Z
TXN-51712,PRJ-1040,2026-02-17,2026-02-19,LABOR,6.0,1500.0,2,-30.0,1470.0,INV-9110,2026-02-19T18:01:00Z
TXN-51414,PRJ-1032,2026-03-14,2026-03-15,EXPENSE,0.0,874.0,0,0.0,0.0,,2026-03-15T14:30:00Z
TXN-50025,PRJ-1001,2026-03-13,2026-03-15,LABOR,8.0,1680.0,0,0.0,0.0,,2026-03-15T18:32:00Z
TXN-50634,PRJ-1015,2026-03-19,2026-03-21,LABOR,12.0,1140.0,0,0.0,0.0,,2026-03-21T17:58:00Z
TXN-50471,PRJ-1011,2026-03-23,2026-03-23,LABOR,8.0,960.0,0,0.0,0.0,,2026-03-23T22:22:00Z
TXN-50558,PRJ-1013,2026-03-12,2026-03-14,LABOR,6.0,1260.0,0,0.0,0.0,,2026-03-14T15:19:00Z
TXN-50294,PRJ-1007,2026-02-07,2026-02-08,LABOR,14.0,2940.0,0,0.0,0.0,,2026-02-08T22:19:00Z
TXN-50773,PRJ-1018,2026-03-20,2026-03-20,LABOR,20.0,3500.0,0,0.0,0.0,,2026-03-20T19:11:00Z
TXN-51263,PRJ-1029,2026-02-27,2026-02-28,EXPENSE,0.0,689.0,2,-117.0,572.0,INV-9081,2026-02-28T18:14:00Z
TXN-51678,PRJ-1039,2026-02-14,2026-02-15,LABOR,8.0,760.0,2,-150.0,610.0,INV-9108,2026-02-15T16:53:00Z
TXN-51189,PRJ-1027,2026-03-21,2026-03-22,LABOR,16.0,3360.0,0,0.0,0.0,,2026-03-22T22:17:00Z
TXN-51023,PRJ-1024,2026-01-25,2026-01-25,LABOR,6.0,1500.0,2,63.0,1563.0,INV-9067,2026-01-25T17:18:00Z
TXN-50121,PRJ-1003,2026-03-22,2026-03-23,LABOR,10.0,950.0,0,0.0,0.0,,2026-03-23T20:45:00Z
TXN-50906,PRJ-1021,2026-02-10,2026-02-10,LABOR,6.0,720.0,2,-35.0,685.0,INV-9061,2026-02-10T21:55:00Z
TXN-51307,PRJ-1030,2026-01-20,2026-01-22,LABOR,10.0,950.0,0,0.0,0.0,,2026-01-22T16:15:00Z
TXN-51389,PRJ-1032,2026-01-13,2026-01-13,EXPENSE,0.0,943.0,0,0.0,0.0,,2026-01-13T18:55:00Z
TXN-51335,PRJ-1030,2026-03-14,2026-03-15,EXPENSE,0.0,1666.0,0,0.0,0.0,,2026-03-15T16:46:00Z
TXN-50511,PRJ-1012,2026-03-10,2026-03-12,LABOR,14.0,1680.0,0,0.0,0.0,,2026-03-12T18:37:00Z
TXN-50180,PRJ-1005,2026-02-25,2026-02-25,LABOR,14.0,2940.0,2,-17.0,2923.0,INV-9013,2026-02-25T14:03:00Z
TXN-51094,PRJ-1025,2026-03-19,2026-03-20,LABOR,10.0,1200.0,0,0.0,0.0,,2026-03-20T18:45:00Z
TXN-51184,PRJ-1027,2026-03-21,2026-03-21,LABOR,8.0,1200.0,0,0.0,0.0,,2026-03-21T16:16:00Z
TXN-50816,PRJ-1019,2026-02-09,2026-02-11,LABOR,4.0,380.0,0,0.0,0.0,,2026-02-11T14:59:00Z
TXN-51722,PRJ-1040,2026-03-16,2026-03-18,LABOR,16.0,2800.0,0,0.0,0.0,,2026-03-18T21:26:00Z
TXN-50864,PRJ-1020,2026-02-26,2026-02-28,LABOR,16.0,1520.0,0,0.0,0.0,,2026-02-28T17:52:00Z
TXN-51083,PRJ-1025,2026-02-26,2026-02-27,LABOR,10.0,1500.0,2,61.0,1561.0,INV-9071,2026-02-27T14:50:00Z
TXN-51209,PRJ-1028,2026-01-21,2026-01-21,LABOR,22.0,2640.0,0,0.0,0.0,,2026-01-21T21:24:00Z
TXN-51763,PRJ-1016,2026-03-29,2026-04-03,LABOR,14.0,2450.0,0,0.0,0.0,,2026-04-03T14:41:00Z
TXN-51290,PRJ-1029,2026-03-16,2026-03-17,LABOR,18.0,3150.0,0,0.0,0.0,,2026-03-17T19:45:00Z
TXN-51550,PRJ-1035,2026-03-23,2026-03-24,EXPENSE,0.0,2236.0,0,0.0,0.0,,2026-03-24T16:42:00Z
TXN-51579,PRJ-1036,2026-03-08,2026-03-10,LABOR,14.0,2940.0,0,0.0,0.0,,2026-03-10T15:21:00Z
TXN-50381,PRJ-1009,2026-02-14,2026-02-16,LABOR,8.0,1680.0,2,-178.0,1502.0,INV-9025,2026-02-16T15:36:00Z
TXN-50605,PRJ-1014,2026-03-08,2026-03-09,LABOR,12.0,1440.0,2,11.0,1451.0,INV-9041,2026-03-09T21:47:00Z
TXN-51537,PRJ-1035,2026-03-03,2026-03-04,LABOR,18.0,3150.0,0,0.0,0.0,,2026-03-04T19:45:00Z
TXN-51546,PRJ-1035,2026-03-24,2026-03-25,LABOR,4.0,600.0,0,0.0,0.0,,2026-03-25T15:17:00Z
TXN-50551,PRJ-1013,2026-03-02,2026-03-04,LABOR,20.0,4200.0,0,0.0,0.0,,2026-03-04T21:48:00Z
TXN-51172,PRJ-1027,2026-02-21,2026-02-23,LABOR,22.0,5500.0,2,-517.0,4983.0,INV-9076,2026-02-23T22:56:00Z
TXN-50252,PRJ-1006,2026-03-23,2026-03-24,LABOR,6.0,1050.0,0,0.0,0.0,,2026-03-24T18:14:00Z
TXN-51644,PRJ-1038,2026-02-12,2026-02-13,EXPENSE,0.0,852.0,2,13.0,865.0,INV-9106,2026-02-13T22:32:00Z
TXN-50213,PRJ-1005,2026-03-24,2026-03-26,EXPENSE,0.0,1469.0,2,-154.0,1315.0,INV-9014,2026-03-26T21:32:00Z
TXN-51715,PRJ-1040,2026-02-07,2026-02-07,LABOR,4.0,700.0,2,23.0,723.0,INV-9110,2026-02-07T20:46:00Z
TXN-50331,PRJ-1008,2026-02-27,2026-02-27,EXPENSE,0.0,1214.0,2,-81.0,1133.0,INV-9022,2026-02-27T20:03:00Z
TXN-50433,PRJ-1010,2026-03-06,2026-03-06,EXPENSE,0.0,2075.0,0,0.0,0.0,,2026-03-06T17:12:00Z
TXN-50277,PRJ-1007,2026-01-10,2026-01-11,LABOR,14.0,2100.0,0,0.0,0.0,,2026-01-11T16:15:00Z
TXN-51580,PRJ-1036,2026-03-03,2026-03-05,LABOR,16.0,1520.0,0,0.0,0.0,,2026-03-05T16:26:00Z
TXN-51336,PRJ-1030,2026-03-04,2026-03-06,EXPENSE,0.0,2428.0,0,0.0,0.0,,2026-03-06T20:55:00Z
TXN-51436,PRJ-1033,2026-02-25,2026-02-25,LABOR,10.0,2100.0,2,-263.0,1837.0,INV-9093,2026-02-25T13:33:00Z
TXN-50292,PRJ-1007,2026-02-27,2026-02-27,LABOR,22.0,4620.0,0,0.0,0.0,,2026-02-27T22:33:00Z
TXN-50902,PRJ-1021,2026-02-20,2026-02-22,LABOR,6.0,720.0,2,15.0,735.0,INV-9061,2026-02-22T14:39:00Z
TXN-50449,PRJ-1011,2026-01-08,2026-01-09,LABOR,12.0,2520.0,0,0.0,0.0,,2026-01-09T21:00:00Z
TXN-51771,PRJ-1009,2026-03-31,2026-03-31,LABOR,8.0,1680.0,0,0.0,0.0,,2026-04-01T01:08:00Z
TXN-51484,PRJ-1034,2026-01-18,2026-01-18,LABOR,14.0,2450.0,0,0.0,0.0,,2026-01-18T14:53:00Z
TXN-51542,PRJ-1035,2026-03-24,2026-03-25,LABOR,20.0,2400.0,0,0.0,0.0,,2026-03-25T15:42:00Z
TXN-50304,PRJ-1007,2026-03-18,2026-03-20,LABOR,18.0,3150.0,0,0.0,0.0,,2026-03-20T14:02:00Z
TXN-51745,PRJ-1040,2026-01-15,2026-01-17,LABOR,8.0,760.0,1,0.0,0.0,,2026-01-17T20:15:00Z
TXN-51660,PRJ-1038,2026-03-25,2026-03-26,LABOR,22.0,4620.0,0,0.0,0.0,,2026-03-26T15:00:00Z
TXN-50941,PRJ-1022,2026-02-14,2026-02-15,EXPENSE,0.0,1196.0,2,-20.0,1176.0,INV-9063,2026-02-15T18:38:00Z
TXN-50068,PRJ-1002,2026-03-18,2026-03-20,LABOR,20.0,3500.0,0,0.0,0.0,,2026-03-20T16:30:00Z
TXN-50020,PRJ-1001,2026-02-14,2026-02-16,LABOR,6.0,900.0,0,0.0,0.0,,2026-02-16T15:18:00Z
TXN-50325,PRJ-1008,2026-01-13,2026-01-14,LABOR,22.0,2640.0,2,-128.0,2512.0,INV-9021,2026-01-14T20:25:00Z
TXN-51285,PRJ-1029,2026-03-11,2026-03-13,EXPENSE,0.0,523.0,0,0.0,0.0,,2026-03-13T17:07:00Z
TXN-51623,PRJ-1038,2026-01-04,2026-01-05,LABOR,22.0,2640.0,2,-40.0,2600.0,INV-9105,2026-01-05T17:06:00Z
TXN-51434,PRJ-1033,2026-02-04,2026-02-04,LABOR,22.0,3300.0,2,-407.0,2893.0,INV-9093,2026-02-04T15:40:00Z
TXN-51425,PRJ-1033,2026-01-07,2026-01-08,LABOR,16.0,2400.0,2,30.0,2430.0,INV-9092,2026-01-08T13:31:00Z
TXN-50055,PRJ-1002,2026-02-14,2026-02-14,LABOR,18.0,3150.0,2,135.0,3285.0,INV-9004,2026-02-14T20:36:00Z
TXN-50964,PRJ-1022,2026-03-02,2026-03-04,LABOR,4.0,700.0,0,0.0,0.0,,2026-03-04T21:53:00Z
TXN-50932,PRJ-1022,2026-01-17,2026-01-19,LABOR,22.0,3850.0,2,-643.0,3207.0,INV-9062,2026-01-19T13:53:00Z
TXN-51665,PRJ-1038,2026-03-12,2026-03-12,LABOR,12.0,1140.0,1,0.0,0.0,,2026-03-12T14:01:00Z
TXN-50151,PRJ-1004,2026-02-06,2026-02-08,LABOR,18.0,3150.0,0,0.0,0.0,,2026-02-08T13:23:00Z
TXN-51474,PRJ-1034,2026-01-18,2026-01-20,LABOR,8.0,1680.0,2,-212.0,1468.0,INV-9095,2026-01-20T17:07:00Z
TXN-51122,PRJ-1026,2026-02-16,2026-02-16,LABOR,18.0,3150.0,2,-98.0,3052.0,INV-9074,2026-02-16T18:03:00Z
TXN-51483,PRJ-1034,2026-01-18,2026-01-20,LABOR,10.0,1500.0,0,0.0,0.0,,2026-01-20T22:53:00Z
TXN-51131,PRJ-1026,2026-02-27,2026-02-28,LABOR,20.0,2400.0,2,-465.0,1935.0,INV-9074,2026-02-28T21:36:00Z
TXN-50744,PRJ-1018,2026-01-10,2026-01-11,LABOR,14.0,1330.0,2,-252.0,1078.0,INV-9051,2026-01-11T13:19:00Z
TXN-50750,PRJ-1018,2026-01-09,2026-01-11,LABOR,6.0,1500.0,0,0.0,0.0,,2026-01-11T17:55:00Z
TXN-50756,PRJ-1018,2026-02-24,2026-02-26,LABOR,20.0,3000.0,2,-175.0,2825.0,INV-9052,2026-02-26T15:43:00Z
TXN-51049,PRJ-1024,2026-03-11,2026-03-11,LABOR,6.0,1050.0,0,0.0,0.0,,2026-03-11T20:16:00Z
TXN-50812,PRJ-1019,2026-02-07,2026-02-09,EXPENSE,0.0,2278.0,2,-22.0,2256.0,INV-9055,2026-02-09T16:14:00Z
TXN-50662,PRJ-1016,2026-01-04,2026-01-06,LABOR,16.0,3360.0,2,-615.0,2745.0,INV-9045,2026-01-06T15:57:00Z
TXN-51622,PRJ-1038,2026-01-23,2026-01-25,LABOR,6.0,1050.0,2,-8.0,1042.0,INV-9105,2026-01-25T22:01:00Z
TXN-51107,PRJ-1026,2026-01-18,2026-01-19,EXPENSE,0.0,538.0,2,-92.0,446.0,INV-9073,2026-01-19T17:00:00Z
TXN-50256,PRJ-1006,2026-03-19,2026-03-21,EXPENSE,0.0,2346.0,2,-258.0,2088.0,INV-9017,2026-03-21T17:14:00Z
TXN-50935,PRJ-1022,2026-01-15,2026-01-16,LABOR,18.0,3780.0,2,-378.0,3402.0,INV-9062,2026-01-16T13:26:00Z
TXN-50870,PRJ-1020,2026-03-19,2026-03-21,LABOR,12.0,3000.0,0,0.0,0.0,,2026-03-21T21:10:00Z
TXN-51638,PRJ-1038,2026-02-22,2026-02-23,EXPENSE,0.0,2291.0,2,-267.0,2024.0,INV-9106,2026-02-23T13:50:00Z
TXN-50893,PRJ-1021,2026-01-10,2026-01-11,EXPENSE,0.0,2263.0,0,0.0,0.0,,2026-01-11T15:56:00Z
TXN-50874,PRJ-1020,2026-03-14,2026-03-14,LABOR,8.0,960.0,0,0.0,0.0,,2026-03-14T19:24:00Z
TXN-50614,PRJ-1015,2026-01-19,2026-01-19,EXPENSE,0.0,2115.0,2,-327.0,1788.0,INV-9042,2026-01-19T15:47:00Z
TXN-51404,PRJ-1032,2026-03-11,2026-03-13,LABOR,16.0,2800.0,0,0.0,0.0,,2026-03-13T22:13:00Z
TXN-51101,PRJ-1025,2026-03-08,2026-03-09,LABOR,20.0,1900.0,2,0.0,1900.0,INV-9072,2026-03-09T16:13:00Z
TXN-50389,PRJ-1009,2026-03-26,2026-03-27,LABOR,6.0,900.0,0,0.0,0.0,,2026-03-27T13:38:00Z
TXN-50937,PRJ-1022,2026-01-03,2026-01-03,LABOR,22.0,3300.0,0,0.0,0.0,,2026-01-03T14:18:00Z
TXN-50407,PRJ-1010,2026-01-27,2026-01-29,LABOR,14.0,1680.0,2,-234.0,1446.0,INV-9027,2026-01-29T14:05:00Z
TXN-51316,PRJ-1030,2026-02-14,2026-02-14,EXPENSE,0.0,1845.0,2,84.0,1929.0,INV-9084,2026-02-14T21:14:00Z
TXN-50795,PRJ-1019,2026-01-18,2026-01-20,LABOR,14.0,2940.0,2,165.0,3105.0,INV-9054,2026-01-20T21:48:00Z
TXN-50716,PRJ-1017,2026-03-19,2026-03-20,LABOR,6.0,900.0,0,0.0,0.0,,2026-03-20T17:10:00Z
TXN-51135,PRJ-1026,2026-02-23,2026-02-25,LABOR,12.0,2100.0,0,0.0,0.0,,2026-02-25T19:37:00Z
TXN-51024,PRJ-1024,2026-01-19,2026-01-21,LABOR,12.0,2100.0,0,0.0,0.0,,2026-01-21T15:34:00Z
TXN-51056,PRJ-1024,2026-03-04,2026-03-06,LABOR,6.0,570.0,2,-37.0,533.0,INV-9069,2026-03-06T16:48:00Z
TXN-51553,PRJ-1036,2026-01-27,2026-01-27,LABOR,6.0,1050.0,2,-194.0,856.0,INV-9100,2026-01-27T13:00:00Z
TXN-50247,PRJ-1006,2026-03-05,2026-03-07,LABOR,16.0,3360.0,0,0.0,0.0,,2026-03-07T19:06:00Z
TXN-50146,PRJ-1004,2026-02-20,2026-02-22,LABOR,8.0,960.0,2,37.0,997.0,INV-9010,2026-02-22T18:20:00Z
TXN-51652,PRJ-1038,2026-03-20,2026-03-21,LABOR,6.0,900.0,0,0.0,0.0,,2026-03-21T17:59:00Z
TXN-51153,PRJ-1027,2026-01-21,2026-01-21,LABOR,6.0,1500.0,2,109.0,1609.0,INV-9075,2026-01-21T19:26:00Z
TXN-51626,PRJ-1038,2026-01-12,2026-01-14,LABOR,16.0,2800.0,2,122.0,2922.0,INV-9105,2026-01-14T14:01:00Z
TXN-50623,PRJ-1015,2026-02-06,2026-02-06,EXPENSE,0.0,188.0,2,-1.0,187.0,INV-9043,2026-02-06T17:02:00Z
TXN-51741,PRJ-1040,2026-03-17,2026-03-17,EXPENSE,0.0,1145.0,2,29.0,1174.0,INV-9111,2026-03-17T14:34:00Z
TXN-50461,PRJ-1011,2026-02-20,2026-02-20,LABOR,12.0,1800.0,2,-259.0,1541.0,INV-9031,2026-02-20T20:40:00Z
TXN-50487,PRJ-1012,2026-01-03,2026-01-04,LABOR,14.0,1330.0,2,-222.0,1108.0,INV-9033,2026-01-04T19:23:00Z
TXN-51682,PRJ-1039,2026-02-26,2026-02-26,LABOR,6.0,1500.0,2,110.0,1610.0,INV-9108,2026-02-26T14:39:00Z
TXN-50091,PRJ-1003,2026-01-10,2026-01-11,LABOR,14.0,3500.0,2,66.0,3566.0,INV-9006,2026-01-11T18:06:00Z
TXN-51230,PRJ-1028,2026-03-11,2026-03-13,LABOR,8.0,1400.0,0,0.0,0.0,,2026-03-13T17:22:00Z
TXN-50493,PRJ-1012,2026-01-20,2026-01-21,LABOR,4.0,380.0,0,0.0,0.0,,2026-01-21T19:06:00Z
TXN-50171,PRJ-1005,2026-01-24,2026-01-26,LABOR,16.0,1520.0,2,-245.0,1275.0,INV-9012,2026-01-26T13:55:00Z
TXN-50057,PRJ-1002,2026-02-09,2026-02-10,LABOR,8.0,960.0,2,9.0,969.0,INV-9004,2026-02-10T21:48:00Z
TXN-50405,PRJ-1010,2026-01-26,2026-01-27,LABOR,16.0,2800.0,2,18.0,2818.0,INV-9027,2026-01-27T14:04:00Z
TXN-51266,PRJ-1029,2026-02-03,2026-02-05,LABOR,18.0,1710.0,2,91.0,1801.0,INV-9081,2026-02-05T17:26:00Z
TXN-50600,PRJ-1014,2026-03-24,2026-03-26,LABOR,16.0,1520.0,0,0.0,0.0,,2026-03-26T16:43:00Z
TXN-51016,PRJ-1024,2026-01-20,2026-01-21,EXPENSE,0.0,2117.0,2,63.0,2180.0,INV-9067,2026-01-21T14:55:00Z
TXN-51371,PRJ-1031,2026-03-18,2026-03-19,LABOR,22.0,3300.0,0,0.0,0.0,,2026-03-19T13:41:00Z
TXN-50098,PRJ-1003,2026-02-23,2026-02-25,EXPENSE,0.0,1160.0,2,-166.0,994.0,INV-9007,2026-02-25T13:06:00Z
TXN-50827,PRJ-1019,2026-03-15,2026-03-17,LABOR,20.0,4200.0,0,0.0,0.0,,2026-03-17T21:46:00Z
TXN-51141,PRJ-1026,2026-03-03,2026-03-04,LABOR,18.0,4500.0,0,0.0,0.0,,2026-03-04T15:19:00Z
TXN-51226,PRJ-1028,2026-03-18,2026-03-19,LABOR,8.0,1200.0,0,0.0,0.0,,2026-03-19T17:40:00Z
TXN-51663,PRJ-1038,2026-03-15,2026-03-15,LABOR,12.0,1800.0,0,0.0,0.0,,2026-03-15T17:21:00Z
TXN-50480,PRJ-1011,2026-01-27,2026-01-28,LABOR,4.0,1000.0,1,0.0,0.0,,2026-01-28T14:16:00Z
TXN-50324,PRJ-1008,2026-01-24,2026-01-25,LABOR,22.0,2090.0,2,-286.0,1804.0,INV-9021,2026-01-25T13:24:00Z
TXN-51218,PRJ-1028,2026-02-05,2026-02-06,LABOR,12.0,2100.0,0,0.0,0.0,,2026-02-06T16:54:00Z
TXN-51468,PRJ-1033,2026-03-09,2026-03-10,LABOR,6.0,570.0,1,0.0,0.0,,2026-03-10T14:36:00Z
TXN-51479,PRJ-1034,2026-01-05,2026-01-06,EXPENSE,0.0,1392.0,2,-113.0,1279.0,INV-9095,2026-01-06T20:25:00Z
TXN-51584,PRJ-1036,2026-03-18,2026-03-18,EXPENSE,0.0,1475.0,0,0.0,0.0,,2026-03-18T21:13:00Z
TXN-50099,PRJ-1003,2026-02-05,2026-02-07,LABOR,14.0,2450.0,2,94.0,2544.0,INV-9007,2026-02-07T19:26:00Z
TXN-51097,PRJ-1025,2026-03-18,2026-03-19,EXPENSE,0.0,534.0,0,0.0,0.0,,2026-03-19T16:03:00Z
TXN-50425,PRJ-1010,2026-03-17,2026-03-19,LABOR,16.0,1520.0,0,0.0,0.0,,2026-03-19T21:12:00Z
TXN-50297,PRJ-1007,2026-03-27,2026-03-27,EXPENSE,0.0,2411.0,0,0.0,0.0,,2026-03-27T21:11:00Z
TXN-50738,PRJ-1017,2026-03-04,2026-03-04,LABOR,10.0,950.0,2,-75.0,875.0,INV-9050,2026-03-04T20:42:00Z
TXN-51672,PRJ-1039,2026-01-18,2026-01-18,LABOR,14.0,2100.0,2,-148.0,1952.0,INV-9107,2026-01-18T22:10:00Z
TXN-50903,PRJ-1021,2026-02-09,2026-02-11,EXPENSE,0.0,1762.0,2,-263.0,1499.0,INV-9061,2026-02-11T20:23:00Z
TXN-50602,PRJ-1014,2026-03-07,2026-03-08,LABOR,6.0,1260.0,0,0.0,0.0,,2026-03-08T22:04:00Z
TXN-51000,PRJ-1023,2026-03-02,2026-03-02,LABOR,18.0,2700.0,0,0.0,0.0,,2026-03-02T21:11:00Z
TXN-51601,PRJ-1037,2026-02-16,2026-02-18,LABOR,22.0,3300.0,2,-158.0,3142.0,INV-9104,2026-02-18T13:02:00Z
TXN-50396,PRJ-1009,2026-03-18,2026-03-19,LABOR,14.0,2100.0,0,0.0,0.0,,2026-03-19T17:42:00Z
TXN-50427,PRJ-1010,2026-03-24,2026-03-25,LABOR,22.0,3300.0,0,0.0,0.0,,2026-03-25T20:21:00Z
TXN-51597,PRJ-1037,2026-01-02,2026-01-03,LABOR,16.0,1920.0,0,0.0,0.0,,2026-01-03T16:09:00Z
TXN-51039,PRJ-1024,2026-03-26,2026-03-28,EXPENSE,0.0,192.0,0,0.0,0.0,,2026-03-28T16:44:00Z
TXN-50253,PRJ-1006,2026-03-15,2026-03-15,LABOR,16.0,1520.0,0,0.0,0.0,,2026-03-15T22:01:00Z
TXN-50239,PRJ-1006,2026-02-11,2026-02-12,EXPENSE,0.0,2130.0,0,0.0,0.0,,2026-02-12T21:19:00Z
TXN-51145,PRJ-1026,2026-03-10,2026-03-11,LABOR,14.0,1330.0,0,0.0,0.0,,2026-03-11T16:58:00Z
TXN-50845,PRJ-1020,2026-01-03,2026-01-03,LABOR,8.0,760.0,2,-118.0,642.0,INV-9057,2026-01-03T17:39:00Z
TXN-51310,PRJ-1030,2026-02-09,2026-02-09,EXPENSE,0.0,1163.0,2,-213.0,950.0,INV-9084,2026-02-09T18:12:00Z
TXN-50846,PRJ-1020,2026-01-22,2026-01-23,EXPENSE,0.0,698.0,2,-29.0,669.0,INV-9057,2026-01-23T20:50:00Z
TXN-50555,PRJ-1013,2026-03-14,2026-03-14,LABOR,4.0,840.0,0,0.0,0.0,,2026-03-14T22:29:00Z
TXN-51221,PRJ-1028,2026-02-08,2026-02-10,LABOR,6.0,1050.0,0,0.0,0.0,,2026-02-10T14:27:00Z
TXN-51370,PRJ-1031,2026-03-10,2026-03-10,EXPENSE,0.0,1460.0,0,0.0,0.0,,2026-03-10T21:39:00Z
TXN-50546,PRJ-1013,2026-03-06,2026-03-06,LABOR,20.0,4200.0,0,0.0,0.0,,2026-03-06T16:35:00Z
TXN-50251,PRJ-1006,2026-03-09,2026-03-10,LABOR,20.0,3000.0,0,0.0,0.0,,2026-03-10T14:42:00Z
TXN-50740,PRJ-1018,2026-01-07,2026-01-07,LABOR,22.0,4620.0,2,-610.0,4010.0,INV-9051,2026-01-07T13:27:00Z
TXN-50965,PRJ-1022,2026-03-05,2026-03-05,LABOR,6.0,570.0,0,0.0,0.0,,2026-03-05T15:32:00Z
TXN-50199,PRJ-1005,2026-03-11,2026-03-12,LABOR,10.0,1200.0,0,0.0,0.0,,2026-03-12T14:18:00Z
TXN-51437,PRJ-1033,2026-02-12,2026-02-14,LABOR,20.0,4200.0,2,282.0,4482.0,INV-9093,2026-02-14T20:51:00Z
TXN-51510,PRJ-1034,2026-03-11,2026-03-12,LABOR,4.0,840.0,2,-31.0,809.0,INV-9097,2026-03-12T14:37:00Z
TXN-51455,PRJ-1033,2026-03-15,2026-03-17,EXPENSE,0.0,706.0,0,0.0,0.0,,2026-03-17T22:02:00Z
TXN-50898,PRJ-1021,2026-02-20,2026-02-20,EXPENSE,0.0,1896.0,2,-241.0,1655.0,INV-9061,2026-02-20T17:39:00Z
TXN-51572,PRJ-1036,2026-03-08,2026-03-10,LABOR,20.0,2400.0,0,0.0,0.0,,2026-03-10T17:59:00Z
TXN-51547,PRJ-1035,2026-03-27,2026-03-28,LABOR,8.0,2000.0,0,0.0,0.0,,2026-03-28T15:21:00Z
TXN-51315,PRJ-1030,2026-02-15,2026-02-16,LABOR,6.0,1260.0,2,-145.0,1115.0,INV-9084,2026-02-16T16:33:00Z
TXN-50990,PRJ-1023,2026-02-05,2026-02-07,LABOR,14.0,2940.0,2,-242.0,2698.0,INV-9066,2026-02-07T21:39:00Z
TXN-51041,PRJ-1024,2026-03-12,2026-03-14,LABOR,4.0,600.0,0,0.0,0.0,,2026-03-14T20:14:00Z
TXN-51183,PRJ-1027,2026-03-25,2026-03-27,LABOR,12.0,2100.0,0,0.0,0.0,,2026-03-27T20:15:00Z
TXN-50244,PRJ-1006,2026-03-18,2026-03-19,LABOR,8.0,1200.0,0,0.0,0.0,,2026-03-19T18:21:00Z
TXN-50067,PRJ-1002,2026-02-08,2026-02-10,EXPENSE,0.0,1482.0,0,0.0,0.0,,2026-02-10T20:37:00Z
TXN-51698,PRJ-1039,2026-03-25,2026-03-26,LABOR,14.0,2940.0,0,0.0,0.0,,2026-03-26T13:41:00Z
TXN-50934,PRJ-1022,2026-01-04,2026-01-05,LABOR,22.0,4620.0,2,-678.0,3942.0,INV-9062,2026-01-05T19:03:00Z
TXN-50360,PRJ-1009,2026-01-23,2026-01-23,LABOR,14.0,2450.0,2,192.0,2642.0,INV-9024,2026-01-23T21:02:00Z
TXN-50096,PRJ-1003,2026-01-06,2026-01-06,LABOR,22.0,4620.0,0,0.0,0.0,,2026-01-06T22:14:00Z
TXN-51529,PRJ-1035,2026-02-04,2026-02-06,EXPENSE,0.0,1847.0,2,-149.0,1698.0,INV-9099,2026-02-06T22:42:00Z
TXN-51497,PRJ-1034,2026-02-02,2026-02-04,EXPENSE,0.0,1524.0,0,0.0,0.0,,2026-02-04T16:19:00Z
TXN-51731,PRJ-1040,2026-03-09,2026-03-10,LABOR,14.0,1680.0,0,0.0,0.0,,2026-03-10T16:51:00Z
TXN-51286,PRJ-1029,2026-03-24,2026-03-25,LABOR,8.0,1680.0,0,0.0,0.0,,2026-03-25T21:58:00Z
TXN-50522,PRJ-1012,2026-03-21,2026-03-22,EXPENSE,0.0,2225.0,2,-133.0,2092.0,INV-9035,2026-03-22T17:53:00Z
TXN-51651,PRJ-1038,2026-03-27,2026-03-29,EXPENSE,0.0,1471.0,0,0.0,0.0,,2026-03-29T19:44:00Z
TXN-51555,PRJ-1036,2026-01-22,2026-01-24,EXPENSE,0.0,2178.0,2,-197.0,1981.0,INV-9100,2026-01-24T20:53:00Z
TXN-51433,PRJ-1033,2026-01-05,2026-01-05,LABOR,16.0,1520.0,0,0.0,0.0,,2026-01-05T19:21:00Z
TXN-50975,PRJ-1022,2026-03-04,2026-03-06,EXPENSE,0.0,1295.0,2,-203.0,1092.0,INV-9064,2026-03-06T16:49:00Z
TXN-50666,PRJ-1016,2026-01-23,2026-01-24,LABOR,14.0,1680.0,0,0.0,0.0,,2026-01-24T20:04:00Z
TXN-50362,PRJ-1009,2026-01-10,2026-01-12,LABOR,8.0,960.0,2,-139.0,821.0,INV-9024,2026-01-12T18:24:00Z
TXN-51457,PRJ-1033,2026-03-11,2026-03-11,EXPENSE,0.0,2320.0,0,0.0,0.0,,2026-03-11T13:48:00Z
TXN-51456,PRJ-1033,2026-03-03,2026-03-04,LABOR,22.0,2640.0,0,0.0,0.0,,2026-03-04T15:51:00Z
TXN-50485,PRJ-1012,2026-01-23,2026-01-23,LABOR,14.0,1330.0,2,-223.0,1107.0,INV-9033,2026-01-23T22:21:00Z
TXN-51176,PRJ-1027,2026-02-04,2026-02-06,LABOR,14.0,2940.0,0,0.0,0.0,,2026-02-06T20:31:00Z
TXN-51352,PRJ-1031,2026-01-26,2026-01-26,EXPENSE,0.0,1340.0,0,0.0,0.0,,2026-01-26T17:06:00Z
TXN-51281,PRJ-1029,2026-03-14,2026-03-16,LABOR,12.0,3000.0,0,0.0,0.0,,2026-03-16T19:38:00Z
TXN-50312,PRJ-1007,2026-03-09,2026-03-09,EXPENSE,0.0,2347.0,2,-118.0,2229.0,INV-9020,2026-03-09T14:04:00Z
TXN-51329,PRJ-1030,2026-03-08,2026-03-10,LABOR,16.0,3360.0,0,0.0,0.0,,2026-03-10T19:21:00Z
TXN-50843,PRJ-1020,2026-01-02,2026-01-02,LABOR,6.0,1050.0,2,-18.0,1032.0,INV-9057,2026-01-02T18:38:00Z
TXN-50414,PRJ-1010,2026-02-15,2026-02-16,EXPENSE,0.0,1626.0,2,100.0,1726.0,INV-9028,2026-02-16T16:12:00Z
TXN-51158,PRJ-1027,2026-01-08,2026-01-09,LABOR,10.0,1200.0,2,-199.0,1001.0,INV-9075,2026-01-09T17:06:00Z
TXN-50032,PRJ-1001,2026-03-14,2026-03-15,LABOR,18.0,2160.0,0,0.0,0.0,,2026-03-15T17:40:00Z
TXN-50766,PRJ-1018,2026-02-06,2026-02-08,EXPENSE,0.0,795.0,0,0.0,0.0,,2026-02-08T22:11:00Z
TXN-50459,PRJ-1011,2026-02-27,2026-02-27,LABOR,18.0,4500.0,2,-335.0,4165.0,INV-9031,2026-02-27T14:16:00Z
TXN-51186,PRJ-1027,2026-03-09,2026-03-11,LABOR,10.0,1750.0,0,0.0,0.0,,2026-03-11T21:42:00Z
TXN-50340,PRJ-1008,2026-02-09,2026-02-09,LABOR,10.0,2100.0,0,0.0,0.0,,2026-02-09T18:49:00Z
TXN-50287,PRJ-1007,2026-02-11,2026-02-12,LABOR,10.0,1750.0,2,-193.0,1557.0,INV-9019,2026-02-12T22:20:00Z
TXN-51273,PRJ-1029,2026-02-21,2026-02-23,LABOR,12.0,3000.0,0,0.0,0.0,,2026-02-23T22:36:00Z
TXN-51755,PRJ-1007,2026-03-22,2026-03-22,LABOR,12.0,2100.0,1,0.0,0.0,,2026-03-22T17:32:00Z
TXN-50950,PRJ-1022,2026-02-27,2026-02-27,LABOR,6.0,1050.0,2,-172.0,878.0,INV-9063,2026-02-27T13:53:00Z
TXN-50140,PRJ-1004,2026-01-24,2026-01-26,LABOR,10.0,2500.0,0,0.0,0.0,,2026-01-26T15:24:00Z
TXN-50849,PRJ-1020,2026-01-18,2026-01-18,LABOR,14.0,2450.0,2,-116.0,2334.0,INV-9057,2026-01-18T20:17:00Z
TXN-51026,PRJ-1024,2026-02-18,2026-02-20,LABOR,22.0,5500.0,2,-932.0,4568.0,INV-9068,2026-02-20T19:37:00Z
TXN-51232,PRJ-1028,2026-03-17,2026-03-18,LABOR,14.0,2450.0,0,0.0,0.0,,2026-03-18T15:03:00Z
TXN-51139,PRJ-1026,2026-03-14,2026-03-15,LABOR,20.0,3500.0,0,0.0,0.0,,2026-03-15T13:14:00Z
TXN-50901,PRJ-1021,2026-02-09,2026-02-09,LABOR,22.0,3300.0,2,233.0,3533.0,INV-9061,2026-02-09T21:44:00Z
TXN-50732,PRJ-1017,2026-03-04,2026-03-04,LABOR,12.0,2100.0,0,0.0,0.0,,2026-03-04T20:43:00Z
TXN-51635,PRJ-1038,2026-01-11,2026-01-13,LABOR,18.0,1710.0,0,0.0,0.0,,2026-01-13T15:19:00Z
TXN-50265,PRJ-1007,2026-01-24,2026-01-24,LABOR,6.0,900.0,2,-81.0,819.0,INV-9018,2026-01-24T14:52:00Z
TXN-50275,PRJ-1007,2026-01-07,2026-01-09,LABOR,4.0,380.0,0,0.0,0.0,,2026-01-09T17:31:00Z
TXN-51095,PRJ-1025,2026-03-24,2026-03-25,EXPENSE,0.0,731.0,0,0.0,0.0,,2026-03-25T15:29:00Z
TXN-50445,PRJ-1011,2026-01-08,2026-01-09,LABOR,10.0,2500.0,2,-158.0,2342.0,INV-9030,2026-01-09T15:08:00Z
TXN-50040,PRJ-1001,2026-02-15,2026-02-17,EXPENSE,0.0,699.0,1,0.0,0.0,,2026-02-17T14:09:00Z
TXN-51123,PRJ-1026,2026-02-16,2026-02-16,LABOR,22.0,2640.0,2,-421.0,2219.0,INV-9074,2026-02-16T15:55:00Z
TXN-51265,PRJ-1029,2026-02-25,2026-02-27,LABOR,20.0,3000.0,2,-518.0,2482.0,INV-9081,2026-02-27T21:50:00Z
TXN-50022,PRJ-1001,2026-02-10,2026-02-12,EXPENSE,0.0,1278.0,0,0.0,0.0,,2026-02-12T19:27:00Z
TXN-50706,PRJ-1017,2026-02-23,2026-02-23,LABOR,22.0,2090.0,2,7.0,2097.0,INV-9049,2026-02-23T14:51:00Z
TXN-51439,PRJ-1033,2026-02-02,2026-02-02,EXPENSE,0.0,709.0,2,-93.0,616.0,INV-9093,2026-02-02T17:25:00Z
TXN-50518,PRJ-1012,2026-03-13,2026-03-13,EXPENSE,0.0,1749.0,2,-169.0,1580.0,INV-9035,2026-03-13T18:34:00Z
TXN-51174,PRJ-1027,2026-02-15,2026-02-16,LABOR,16.0,2400.0,2,100.0,2500.0,INV-9076,2026-02-16T16:40:00Z
TXN-50355,PRJ-1008,2026-03-07,2026-03-07,LABOR,18.0,1710.0,2,113.0,1823.0,INV-9023,2026-03-07T20:24:00Z
TXN-50298,PRJ-1007,2026-03-26,2026-03-27,EXPENSE,0.0,1482.0,0,0.0,0.0,,2026-03-27T16:07:00Z
TXN-51077,PRJ-1025,2026-02-21,2026-02-21,LABOR,20.0,5000.0,2,329.0,5329.0,INV-9071,2026-02-21T13:31:00Z
TXN-50840,PRJ-1020,2026-01-04,2026-01-06,EXPENSE,0.0,1914.0,2,-337.0,1577.0,INV-9057,2026-01-06T17:50:00Z
TXN-51223,PRJ-1028,2026-02-12,2026-02-14,LABOR,18.0,2700.0,0,0.0,0.0,,2026-02-14T14:39:00Z
TXN-50925,PRJ-1021,2026-03-03,2026-03-05,LABOR,12.0,2100.0,0,0.0,0.0,,2026-03-05T18:38:00Z
TXN-50123,PRJ-1003,2026-03-20,2026-03-20,EXPENSE,0.0,2307.0,2,-102.0,2205.0,INV-9008,2026-03-20T22:12:00Z
TXN-51228,PRJ-1028,2026-03-07,2026-03-07,EXPENSE,0.0,2390.0,0,0.0,0.0,,2026-03-07T20:20:00Z
TXN-51092,PRJ-1025,2026-03-04,2026-03-05,LABOR,16.0,1520.0,0,0.0,0.0,,2026-03-05T20:16:00Z
TXN-51248,PRJ-1029,2026-01-23,2026-01-25,LABOR,16.0,2800.0,2,-316.0,2484.0,INV-9080,2026-01-25T17:32:00Z
TXN-51152,PRJ-1026,2026-03-15,2026-03-16,LABOR,20.0,4200.0,1,0.0,0.0,,2026-03-16T19:12:00Z
TXN-51164,PRJ-1027,2026-01-18,2026-01-18,LABOR,14.0,2450.0,0,0.0,0.0,,2026-01-18T14:41:00Z
TXN-50418,PRJ-1010,2026-02-12,2026-02-13,LABOR,20.0,3000.0,2,-322.0,2678.0,INV-9028,2026-02-13T18:07:00Z
TXN-50967,PRJ-1022,2026-03-20,2026-03-21,EXPENSE,0.0,1428.0,0,0.0,0.0,,2026-03-21T14:59:00Z
TXN-51243,PRJ-1028,2026-03-17,2026-03-19,LABOR,14.0,1330.0,2,-54.0,1276.0,INV-9079,2026-03-19T15:38:00Z
TXN-51571,PRJ-1036,2026-03-04,2026-03-05,LABOR,16.0,1920.0,0,0.0,0.0,,2026-03-05T16:31:00Z
TXN-50158,PRJ-1004,2026-03-24,2026-03-24,LABOR,6.0,570.0,0,0.0,0.0,,2026-03-24T16:52:00Z
TXN-51119,PRJ-1026,2026-01-10,2026-01-11,LABOR,10.0,950.0,0,0.0,0.0,,2026-01-11T22:35:00Z
TXN-51280,PRJ-1029,2026-03-04,2026-03-04,LABOR,22.0,3300.0,0,0.0,0.0,,2026-03-04T22:49:00Z
TXN-51616,PRJ-1037,2026-03-27,2026-03-27,LABOR,10.0,2500.0,0,0.0,0.0,,2026-03-27T19:21:00Z
TXN-51064,PRJ-1025,2026-01-14,2026-01-16,LABOR,4.0,1000.0,2,-112.0,888.0,INV-9070,2026-01-16T22:13:00Z
TXN-51155,PRJ-1027,2026-01-06,2026-01-08,LABOR,6.0,900.0,2,-175.0,725.0,INV-9075,2026-01-08T14:59:00Z
TXN-51613,PRJ-1037,2026-03-19,2026-03-20,LABOR,10.0,1500.0,0,0.0,0.0,,2026-03-20T16:54:00Z
TXN-50190,PRJ-1005,2026-02-08,2026-02-08,LABOR,22.0,5500.0,0,0.0,0.0,,2026-02-08T22:54:00Z
TXN-50590,PRJ-1014,2026-02-23,2026-02-25,LABOR,10.0,1750.0,0,0.0,0.0,,2026-02-25T15:10:00Z
TXN-51427,PRJ-1033,2026-01-07,2026-01-07,LABOR,20.0,1900.0,2,-99.0,1801.0,INV-9092,2026-01-07T16:41:00Z
TXN-50761,PRJ-1018,2026-02-23,2026-02-25,LABOR,14.0,3500.0,2,-457.0,3043.0,INV-9052,2026-02-25T22:44:00Z
TXN-51063,PRJ-1025,2026-01-24,2026-01-24,LABOR,10.0,1500.0,2,-12.0,1488.0,INV-9070,2026-01-24T14:27:00Z
TXN-50243,PRJ-1006,2026-03-21,2026-03-21,LABOR,12.0,2520.0,0,0.0,0.0,,2026-03-21T15:36:00Z
TXN-50885,PRJ-1021,2026-01-08,2026-01-08,LABOR,10.0,1500.0,2,-104.0,1396.0,INV-9060,2026-01-08T15:03:00Z
TXN-51378,PRJ-1032,2026-01-03,2026-01-04,LABOR,10.0,1750.0,2,-259.0,1491.0,INV-9089,2026-01-04T15:08:00Z
TXN-50621,PRJ-1015,2026-02-22,2026-02-23,LABOR,22.0,3850.0,2,-128.0,3722.0,INV-9043,2026-02-23T13:36:00Z
TXN-50651,PRJ-1015,2026-03-15,2026-03-16,LABOR,22.0,3850.0,1,0.0,0.0,,2026-03-16T20:52:00Z
TXN-51559,PRJ-1036,2026-01-12,2026-01-14,LABOR,20.0,5000.0,0,0.0,0.0,,2026-01-14T18:22:00Z
TXN-50504,PRJ-1012,2026-02-16,2026-02-18,EXPENSE,0.0,603.0,2,-11.0,592.0,INV-9034,2026-02-18T17:25:00Z
TXN-50923,PRJ-1021,2026-03-12,2026-03-14,LABOR,8.0,960.0,0,0.0,0.0,,2026-03-14T17:28:00Z
TXN-50160,PRJ-1004,2026-03-18,2026-03-19,LABOR,22.0,5500.0,0,0.0,0.0,,2026-03-19T18:40:00Z
TXN-51419,PRJ-1032,2026-03-19,2026-03-21,LABOR,20.0,3000.0,2,-7.0,2993.0,INV-9091,2026-03-21T14:52:00Z
TXN-50883,PRJ-1020,2026-03-27,2026-03-28,LABOR,14.0,1330.0,2,-191.0,1139.0,INV-9059,2026-03-28T22:03:00Z
TXN-50538,PRJ-1013,2026-02-08,2026-02-10,EXPENSE,0.0,2238.0,2,-80.0,2158.0,INV-9037,2026-02-10T20:28:00Z
TXN-50241,PRJ-1006,2026-02-10,2026-02-12,EXPENSE,0.0,670.0,0,0.0,0.0,,2026-02-12T22:55:00Z
TXN-50014,PRJ-1001,2026-02-24,2026-02-25,EXPENSE,0.0,1470.0,2,-66.0,1404.0,INV-9002,2026-02-25T19:05:00Z
TXN-50476,PRJ-1011,2026-03-25,2026-03-25,EXPENSE,0.0,1131.0,0,0.0,0.0,,2026-03-25T20:48:00Z
TXN-51687,PRJ-1039,2026-02-11,2026-02-12,EXPENSE,0.0,2271.0,0,0.0,0.0,,2026-02-12T13:48:00Z
TXN-51658,PRJ-1038,2026-03-15,2026-03-17,EXPENSE,0.0,2138.0,0,0.0,0.0,,2026-03-17T14:21:00Z
TXN-50929,PRJ-1022,2026-01-19,2026-01-21,LABOR,20.0,4200.0,2,-17.0,4183.0,INV-9062,2026-01-21T14:20:00Z
TXN-51339,PRJ-1030,2026-03-24,2026-03-24,EXPENSE,0.0,2109.0,2,-332.0,1777.0,INV-9085,2026-03-24T20:07:00Z
TXN-51386,PRJ-1032,2026-01-27,2026-01-28,LABOR,12.0,1140.0,2,25.0,1165.0,INV-9089,2026-01-28T14:10:00Z
TXN-51615,PRJ-1037,2026-03-26,2026-03-27,LABOR,18.0,3150.0,0,0.0,0.0,,2026-03-27T14:03:00Z
TXN-51345,PRJ-1031,2026-01-08,2026-01-08,LABOR,22.0,2090.0,2,-84.0,2006.0,INV-9086,2026-01-08T15:48:00Z
TXN-50796,PRJ-1019,2026-01-27,2026-01-28,LABOR,18.0,3780.0,2,-446.0,3334.0,INV-9054,2026-01-28T17:48:00Z
TXN-51589,PRJ-1036,2026-03-22,2026-03-24,LABOR,6.0,900.0,2,12.0,912.0,INV-9102,2026-03-24T16:43:00Z
TXN-50356,PRJ-1008,2026-03-03,2026-03-05,LABOR,16.0,1920.0,2,-290.0,1630.0,INV-9023,2026-03-05T15:48:00Z
TXN-51059,PRJ-1024,2026-03-13,2026-03-15,LABOR,8.0,760.0,2,-106.0,654.0,INV-9069,2026-03-15T18:32:00Z
TXN-50335,PRJ-1008,2026-02-03,2026-02-05,LABOR,14.0,1680.0,2,15.0,1695.0,INV-9022,2026-02-05T16:07:00Z
TXN-50689,PRJ-1016,2026-03-26,2026-03-26,EXPENSE,0.0,552.0,2,7.0,559.0,INV-9047,2026-03-26T15:38:00Z
TXN-51401,PRJ-1032,2026-03-04,2026-03-04,EXPENSE,0.0,1757.0,0,0.0,0.0,,2026-03-04T13:20:00Z
TXN-50185,PRJ-1005,2026-02-06,2026-02-06,EXPENSE,0.0,2110.0,2,-61.0,2049.0,INV-9013,2026-02-06T15:11:00Z
TXN-50824,PRJ-1019,2026-03-24,2026-03-24,EXPENSE,0.0,1915.0,0,0.0,0.0,,2026-03-24T18:45:00Z
TXN-51448,PRJ-1033,2026-02-14,2026-02-15,LABOR,18.0,3780.0,0,0.0,0.0,,2026-02-15T15:20:00Z
TXN-51666,PRJ-1039,2026-01-26,2026-01-27,EXPENSE,0.0,2499.0,2,-424.0,2075.0,INV-9107,2026-01-27T13:53:00Z
TXN-51350,PRJ-1031,2026-01-20,2026-01-21,LABOR,20.0,1900.0,0,0.0,0.0,,2026-01-21T14:51:00Z
TXN-51002,PRJ-1023,2026-03-24,2026-03-26,LABOR,14.0,1330.0,0,0.0,0.0,,2026-03-26T15:18:00Z
TXN-50188,PRJ-1005,2026-02-11,2026-02-12,LABOR,22.0,2090.0,0,0.0,0.0,,2026-02-12T20:53:00Z
TXN-50942,PRJ-1022,2026-02-22,2026-02-24,LABOR,20.0,3000.0,2,3.0,3003.0,INV-9063,2026-02-24T18:25:00Z
TXN-50285,PRJ-1007,2026-02-17,2026-02-18,LABOR,12.0,1800.0,2,-41.0,1759.0,INV-9019,2026-02-18T16:55:00Z
TXN-51416,PRJ-1032,2026-03-13,2026-03-13,EXPENSE,0.0,2262.0,0,0.0,0.0,,2026-03-13T16:37:00Z
TXN-50900,PRJ-1021,2026-02-19,2026-02-19,LABOR,14.0,2450.0,2,93.0,2543.0,INV-9061,2026-02-19T21:11:00Z
TXN-51740,PRJ-1040,2026-03-20,2026-03-21,LABOR,22.0,2640.0,2,-341.0,2299.0,INV-9111,2026-03-21T18:59:00Z
TXN-50166,PRJ-1004,2026-03-22,2026-03-22,LABOR,12.0,1440.0,2,-166.0,1274.0,INV-9011,2026-03-22T17:23:00Z
TXN-50348,PRJ-1008,2026-03-14,2026-03-15,EXPENSE,0.0,2094.0,0,0.0,0.0,,2026-03-15T22:30:00Z
TXN-50299,PRJ-1007,2026-03-04,2026-03-05,LABOR,20.0,2400.0,0,0.0,0.0,,2026-03-05T18:38:00Z
TXN-50536,PRJ-1013,2026-02-24,2026-02-26,LABOR,4.0,480.0,2,7.0,487.0,INV-9037,2026-02-26T21:05:00Z
TXN-50230,PRJ-1006,2026-02-21,2026-02-23,LABOR,20.0,3500.0,2,5.0,3505.0,INV-9016,2026-02-23T18:30:00Z
TXN-50042,PRJ-1002,2026-01-23,2026-01-25,EXPENSE,0.0,360.0,2,-40.0,320.0,INV-9003,2026-01-25T18:01:00Z
TXN-50869,PRJ-1020,2026-02-16,2026-02-17,LABOR,12.0,2100.0,0,0.0,0.0,,2026-02-17T22:32:00Z
TXN-50749,PRJ-1018,2026-01-06,2026-01-07,LABOR,14.0,2450.0,2,138.0,2588.0,INV-9051,2026-01-07T13:31:00Z
TXN-51711,PRJ-1040,2026-01-09,2026-01-10,LABOR,16.0,3360.0,0,0.0,0.0,,2026-01-10T15:06:00Z
TXN-51612,PRJ-1037,2026-03-15,2026-03-16,EXPENSE,0.0,1323.0,0,0.0,0.0,,2026-03-16T16:36:00Z
TXN-51568,PRJ-1036,2026-02-24,2026-02-26,LABOR,6.0,720.0,2,-110.0,610.0,INV-9101,2026-02-26T17:52:00Z
TXN-50447,PRJ-1011,2026-01-07,2026-01-08,LABOR,14.0,2450.0,2,-298.0,2152.0,INV-9030,2026-01-08T17:01:00Z
TXN-51472,PRJ-1034,2026-01-08,2026-01-08,LABOR,16.0,1520.0,2,83.0,1603.0,INV-9095,2026-01-08T22:38:00Z
TXN-50350,PRJ-1008,2026-03-14,2026-03-15,LABOR,12.0,1800.0,0,0.0,0.0,,2026-03-15T18:45:00Z
TXN-50046,PRJ-1002,2026-01-10,2026-01-12,EXPENSE,0.0,1961.0,2,-117.0,1844.0,INV-9003,2026-01-12T17:08:00Z
TXN-51721,PRJ-1040,2026-03-19,2026-03-21,EXPENSE,0.0,1766.0,0,0.0,0.0,,2026-03-21T18:00:00Z
TXN-51746,PRJ-1006,2026-03-18,2026-03-18,LABOR,20.0,3500.0,2,-513.0,2987.0,INV-9112,2026-03-18T21:54:00Z
TXN-50109,PRJ-1003,2026-02-07,2026-02-09,LABOR,14.0,3500.0,0,0.0,0.0,,2026-02-09T13:17:00Z
TXN-51642,PRJ-1038,2026-02-16,2026-02-18,LABOR,6.0,900.0,2,-114.0,786.0,INV-9106,2026-02-18T15:12:00Z
TXN-51686,PRJ-1039,2026-02-05,2026-02-06,LABOR,22.0,2640.0,0,0.0,0.0,,2026-02-06T17:02:00Z
TXN-50030,PRJ-1001,2026-03-22,2026-03-22,EXPENSE,0.0,2475.0,0,0.0,0.0,,2026-03-22T18:26:00Z
TXN-50182,PRJ-1005,2026-02-16,2026-02-18,LABOR,10.0,950.0,2,49.0,999.0,INV-9013,2026-02-18T13:52:00Z
TXN-50622,PRJ-1015,2026-02-05,2026-02-05,LABOR,8.0,1400.0,2,-208.0,1192.0,INV-9043,2026-02-05T20:54:00Z
TXN-51444,PRJ-1033,2026-02-17,2026-02-19,LABOR,22.0,2640.0,2,121.0,2761.0,INV-9093,2026-02-19T18:55:00Z
TXN-50635,PRJ-1015,2026-03-12,2026-03-14,LABOR,14.0,2450.0,0,0.0,0.0,,2026-03-14T14:24:00Z
TXN-50105,PRJ-1003,2026-02-08,2026-02-09,EXPENSE,0.0,462.0,0,0.0,0.0,,2026-02-09T14:27:00Z
TXN-50061,PRJ-1002,2026-02-23,2026-02-23,LABOR,14.0,2940.0,2,-264.0,2676.0,INV-9004,2026-02-23T21:19:00Z
TXN-50659,PRJ-1016,2026-01-16,2026-01-18,LABOR,6.0,720.0,2,-118.0,602.0,INV-9045,2026-01-18T19:15:00Z
TXN-51108,PRJ-1026,2026-01-10,2026-01-12,LABOR,12.0,1800.0,2,-60.0,1740.0,INV-9073,2026-01-12T16:13:00Z
TXN-50491,PRJ-1012,2026-01-04,2026-01-05,EXPENSE,0.0,2329.0,2,-261.0,2068.0,INV-9033,2026-01-05T16:21:00Z
TXN-50316,PRJ-1007,2026-03-23,2026-03-24,LABOR,22.0,5500.0,2,-260.0,5240.0,INV-9020,2026-03-24T20:23:00Z
TXN-51475,PRJ-1034,2026-01-26,2026-01-28,EXPENSE,0.0,211.0,2,-41.0,170.0,INV-9095,2026-01-28T16:42:00Z
TXN-50382,PRJ-1009,2026-02-09,2026-02-10,EXPENSE,0.0,2374.0,2,-328.0,2046.0,INV-9025,2026-02-10T13:55:00Z
TXN-50423,PRJ-1010,2026-02-15,2026-02-16,LABOR,16.0,2400.0,0,0.0,0.0,,2026-02-16T16:04:00Z
TXN-51521,PRJ-1035,2026-01-17,2026-01-19,LABOR,4.0,380.0,2,-55.0,325.0,INV-9098,2026-01-19T17:23:00Z
TXN-51726,PRJ-1040,2026-03-26,2026-03-28,LABOR,8.0,1200.0,0,0.0,0.0,,2026-03-28T19:17:00Z
TXN-51548,PRJ-1035,2026-03-10,2026-03-10,LABOR,12.0,1800.0,0,0.0,0.0,,2026-03-10T19:05:00Z
TXN-50446,PRJ-1011,2026-01-09,2026-01-09,LABOR,6.0,570.0,2,-68.0,502.0,INV-9030,2026-01-09T17:08:00Z
TXN-50664,PRJ-1016,2026-01-25,2026-01-26,LABOR,4.0,600.0,0,0.0,0.0,,2026-01-26T21:39:00Z
TXN-51025,PRJ-1024,2026-01-05,2026-01-06,LABOR,14.0,2450.0,0,0.0,0.0,,2026-01-06T18:16:00Z
TXN-50780,PRJ-1018,2026-03-14,2026-03-14,EXPENSE,0.0,1538.0,0,0.0,0.0,,2026-03-14T20:07:00Z
TXN-51530,PRJ-1035,2026-02-08,2026-02-10,LABOR,16.0,1920.0,2,-211.0,1709.0,INV-9099,2026-02-10T19:58:00Z
TXN-50627,PRJ-1015,2026-02-23,2026-02-24,LABOR,18.0,4500.0,0,0.0,0.0,,2026-02-24T17:32:00Z
TXN-51482,PRJ-1034,2026-01-02,2026-01-03,LABOR,16.0,2800.0,0,0.0,0.0,,2026-01-03T17:26:00Z
TXN-51513,PRJ-1035,2026-01-21,2026-01-22,EXPENSE,0.0,1727.0,2,36.0,1763.0,INV-9098,2026-01-22T17:45:00Z
TXN-51113,PRJ-1026,2026-01-09,2026-01-11,LABOR,14.0,2100.0,2,-163.0,1937.0,INV-9073,2026-01-11T19:35:00Z
TXN-51508,PRJ-1034,2026-03-20,2026-03-20,LABOR,10.0,1750.0,0,0.0,0.0,,2026-03-20T19:17:00Z
TXN-51485,PRJ-1034,2026-01-14,2026-01-15,EXPENSE,0.0,1394.0,0,0.0,0.0,,2026-01-15T15:19:00Z
TXN-51102,PRJ-1025,2026-03-06,2026-03-08,LABOR,6.0,1050.0,2,-141.0,909.0,INV-9072,2026-03-08T15:20:00Z
TXN-50269,PRJ-1007,2026-01-14,2026-01-15,LABOR,8.0,960.0,2,30.0,990.0,INV-9018,2026-01-15T20:20:00Z
TXN-50930,PRJ-1022,2026-01-14,2026-01-15,EXPENSE,0.0,2303.0,2,-393.0,1910.0,INV-9062,2026-01-15T22:08:00Z
TXN-51148,PRJ-1026,2026-03-05,2026-03-07,LABOR,10.0,2500.0,0,0.0,0.0,,2026-03-07T19:42:00Z
TXN-51322,PRJ-1030,2026-02-15,2026-02-16,LABOR,20.0,3500.0,0,0.0,0.0,,2026-02-16T13:04:00Z
TXN-51120,PRJ-1026,2026-01-07,2026-01-09,LABOR,20.0,3500.0,0,0.0,0.0,,2026-01-09T22:48:00Z
TXN-50012,PRJ-1001,2026-02-22,2026-02-24,LABOR,12.0,2520.0,2,47.0,2567.0,INV-9002,2026-02-24T18:27:00Z
TXN-50115,PRJ-1003,2026-03-08,2026-03-08,EXPENSE,0.0,1009.0,0,0.0,0.0,,2026-03-08T17:02:00Z
TXN-50844,PRJ-1020,2026-01-14,2026-01-16,LABOR,4.0,480.0,2,-94.0,386.0,INV-9057,2026-01-16T15:12:00Z
TXN-51453,PRJ-1033,2026-03-06,2026-03-07,LABOR,6.0,570.0,0,0.0,0.0,,2026-03-07T18:55:00Z
TXN-51282,PRJ-1029,2026-03-11,2026-03-13,EXPENSE,0.0,1885.0,0,0.0,0.0,,2026-03-13T14:52:00Z
TXN-50353,PRJ-1008,2026-03-05,2026-03-07,LABOR,6.0,900.0,0,0.0,0.0,,2026-03-07T20:16:00Z
TXN-51758,PRJ-1024,2026-03-16,2026-03-16,LABOR,22.0,3850.0,1,0.0,0.0,,2026-03-16T14:16:00Z
TXN-50774,PRJ-1018,2026-03-21,2026-03-21,LABOR,16.0,3360.0,0,0.0,0.0,,2026-03-21T15:37:00Z
TXN-50691,PRJ-1016,2026-03-09,2026-03-09,LABOR,10.0,2100.0,2,-34.0,2066.0,INV-9047,2026-03-09T13:27:00Z
TXN-50791,PRJ-1019,2026-01-15,2026-01-15,LABOR,22.0,2640.0,2,72.0,2712.0,INV-9054,2026-01-15T22:47:00Z
TXN-50532,PRJ-1013,2026-01-07,2026-01-09,EXPENSE,0.0,1212.0,0,0.0,0.0,,2026-01-09T21:23:00Z
TXN-50868,PRJ-1020,2026-02-15,2026-02-15,EXPENSE,0.0,1228.0,0,0.0,0.0,,2026-02-15T15:23:00Z
TXN-50170,PRJ-1005,2026-01-07,2026-01-09,EXPENSE,0.0,880.0,2,-164.0,716.0,INV-9012,2026-01-09T17:27:00Z
TXN-50240,PRJ-1006,2026-02-10,2026-02-12,LABOR,14.0,2100.0,0,0.0,0.0,,2026-02-12T19:48:00Z
TXN-51302,PRJ-1030,2026-01-17,2026-01-18,LABOR,4.0,840.0,2,-10.0,830.0,INV-9083,2026-01-18T20:34:00Z
TXN-51185,PRJ-1027,2026-03-22,2026-03-22,LABOR,16.0,1920.0,0,0.0,0.0,,2026-03-22T21:14:00Z
TXN-50074,PRJ-1002,2026-03-26,2026-03-28,LABOR,8.0,1680.0,0,0.0,0.0,,2026-03-28T18:31:00Z
TXN-51554,PRJ-1036,2026-01-16,2026-01-16,LABOR,4.0,480.0,2,26.0,506.0,INV-9100,2026-01-16T15:31:00Z
TXN-51087,PRJ-1025,2026-02-25,2026-02-27,LABOR,18.0,3150.0,0,0.0,0.0,,2026-02-27T15:53:00Z
TXN-50762,PRJ-1018,2026-02-03,2026-02-03,LABOR,14.0,2100.0,2,-416.0,1684.0,INV-9052,2026-02-03T16:35:00Z
TXN-51517,PRJ-1035,2026-01-16,2026-01-18,EXPENSE,0.0,116.0,2,-3.0,113.0,INV-9098,2026-01-18T13:44:00Z
TXN-50741,PRJ-1018,2026-01-11,2026-01-11,LABOR,10.0,1750.0,2,-207.0,1543.0,INV-9051,2026-01-11T21:54:00Z
TXN-50751,PRJ-1018,2026-01-19,2026-01-20,LABOR,14.0,2940.0,0,0.0,0.0,,2026-01-20T22:32:00Z
TXN-50742,PRJ-1018,2026-01-15,2026-01-15,EXPENSE,0.0,903.0,2,-141.0,762.0,INV-9051,2026-01-15T14:06:00Z
TXN-50831,PRJ-1019,2026-03-14,2026-03-16,EXPENSE,0.0,2001.0,0,0.0,0.0,,2026-03-16T17:38:00Z
TXN-50048,PRJ-1002,2026-01-09,2026-01-10,LABOR,18.0,3150.0,2,-454.0,2696.0,INV-9003,2026-01-10T21:48:00Z
TXN-50763,PRJ-1018,2026-02-17,2026-02-17,LABOR,8.0,760.0,2,-74.0,686.0,INV-9052,2026-02-17T13:06:00Z
TXN-50592,PRJ-1014,2026-03-16,2026-03-17,LABOR,12.0,2100.0,0,0.0,0.0,,2026-03-17T17:17:00Z
TXN-50808,PRJ-1019,2026-02-20,2026-02-20,EXPENSE,0.0,1672.0,2,-310.0,1362.0,INV-9055,2026-02-20T14:40:00Z
TXN-51084,PRJ-1025,2026-02-04,2026-02-04,LABOR,16.0,2800.0,0,0.0,0.0,,2026-02-04T22:19:00Z
TXN-50506,PRJ-1012,2026-02-04,2026-02-05,EXPENSE,0.0,2229.0,0,0.0,0.0,,2026-02-05T13:11:00Z
TXN-51045,PRJ-1024,2026-03-11,2026-03-11,LABOR,6.0,1260.0,0,0.0,0.0,,2026-03-11T13:30:00Z
TXN-51449,PRJ-1033,2026-02-09,2026-02-09,LABOR,22.0,3300.0,0,0.0,0.0,,2026-02-09T13:54:00Z
TXN-50653,PRJ-1016,2026-01-02,2026-01-02,LABOR,22.0,2090.0,2,-319.0,1771.0,INV-9045,2026-01-02T21:39:00Z
TXN-50193,PRJ-1005,2026-03-22,2026-03-24,LABOR,14.0,2940.0,0,0.0,0.0,,2026-03-24T22:41:00Z
TXN-51667,PRJ-1039,2026-01-19,2026-01-21,LABOR,18.0,3150.0,2,-46.0,3104.0,INV-9107,2026-01-21T17:01:00Z
TXN-51240,PRJ-1028,2026-03-27,2026-03-28,EXPENSE,0.0,1717.0,2,18.0,1735.0,INV-9079,2026-03-28T17:41:00Z
TXN-50245,PRJ-1006,2026-03-12,2026-03-12,EXPENSE,0.0,609.0,0,0.0,0.0,,2026-03-12T15:51:00Z
TXN-51388,PRJ-1032,2026-01-08,2026-01-09,EXPENSE,0.0,525.0,0,0.0,0.0,,2026-01-09T15:27:00Z
TXN-50060,PRJ-1002,2026-02-17,2026-02-17,LABOR,14.0,1330.0,2,-245.0,1085.0,INV-9004,2026-02-17T14:10:00Z
TXN-51246,PRJ-1029,2026-01-17,2026-01-18,LABOR,12.0,2100.0,2,-2.0,2098.0,INV-9080,2026-01-18T13:47:00Z
TXN-50177,PRJ-1005,2026-01-16,2026-01-18,LABOR,8.0,960.0,0,0.0,0.0,,2026-01-18T18:24:00Z
TXN-50450,PRJ-1011,2026-01-11,2026-01-13,LABOR,14.0,1330.0,0,0.0,0.0,,2026-01-13T13:37:00Z
TXN-50056,PRJ-1002,2026-02-09,2026-02-10,LABOR,22.0,3300.0,2,-58.0,3242.0,INV-9004,2026-02-10T22:52:00Z
TXN-51279,PRJ-1029,2026-03-05,2026-03-07,LABOR,12.0,1140.0,0,0.0,0.0,,2026-03-07T13:40:00Z
TXN-50920,PRJ-1021,2026-03-21,2026-03-23,EXPENSE,0.0,1615.0,0,0.0,0.0,,2026-03-23T16:00:00Z
TXN-51410,PRJ-1032,2026-03-15,2026-03-17,EXPENSE,0.0,305.0,0,0.0,0.0,,2026-03-17T21:20:00Z
TXN-51222,PRJ-1028,2026-02-18,2026-02-19,LABOR,20.0,1900.0,0,0.0,0.0,,2026-02-19T14:28:00Z
TXN-51093,PRJ-1025,2026-03-16,2026-03-18,LABOR,6.0,900.0,0,0.0,0.0,,2026-03-18T21:12:00Z
TXN-51747,PRJ-1006,2026-03-17,2026-03-17,LABOR,12.0,2100.0,2,-343.0,1757.0,INV-9112,2026-03-17T15:18:00Z
TXN-51769,PRJ-1036,2026-03-29,2026-04-02,LABOR,22.0,3850.0,0,0.0,0.0,,2026-04-02T21:01:00Z
TXN-51738,PRJ-1040,2026-03-22,2026-03-22,LABOR,16.0,3360.0,2,-436.0,2924.0,INV-9111,2026-03-22T21:33:00Z
TXN-51193,PRJ-1027,2026-03-12,2026-03-14,EXPENSE,0.0,136.0,0,0.0,0.0,,2026-03-14T16:35:00Z
TXN-51210,PRJ-1028,2026-02-21,2026-02-22,LABOR,4.0,380.0,2,-15.0,365.0,INV-9078,2026-02-22T18:44:00Z
TXN-51060,PRJ-1025,2026-01-08,2026-01-09,LABOR,4.0,600.0,2,-119.0,481.0,INV-9070,2026-01-09T20:04:00Z
TXN-50642,PRJ-1015,2026-03-04,2026-03-06,LABOR,6.0,1500.0,0,0.0,0.0,,2026-03-06T22:34:00Z
